"pathway","mean_GCtS","mean_EtS","log2FC","W","p","p_adj","sig","direction"
"PWY0-1479",1525.70154324127,5748.50126508775,1.91371309853493,270,2.54843304292654e-12,1.37615384318033e-09,"***","EtS_higher"
"PWY-7374",743.154443092221,6965.36510057656,3.22846500659097,389,3.73277178006038e-09,1.0078483806163e-06,"***","EtS_higher"
"PWY-5104",338.268032051506,46.6421356435615,-2.85846108887751,1893,1.13680123092763e-08,2.04624221566974e-06,"***","GCtS_higher"
"PWY-5677",386.722231515348,72.9296391554326,-2.40672054206595,1877,2.49056402168435e-08,3.36226142927387e-06,"***","GCtS_higher"
"PWY-7456",2091.89234804086,350.326984825201,-2.57803458543241,1863,5.1883898288807e-08,5.41144163479501e-06,"***","GCtS_higher"
"PWY-7480",545.037484810998,180.843934927162,-1.5916102400063,1860,6.01271292755001e-08,5.41144163479501e-06,"***","GCtS_higher"
"CARNMET-PWY",319.253888339612,75.4314113846335,-2.08146686594797,1842,1.38587247233701e-07,9.35463918827484e-06,"***","GCtS_higher"
"P163-PWY",1754.65088148463,517.65681385111,-1.76111613989765,1843,1.34119862290614e-07,9.35463918827484e-06,"***","GCtS_higher"
"PWY-6749",379.940475153515,67.2315950692692,-2.49856212781346,1824,3.10343709175598e-07,1.86206225505359e-05,"***","GCtS_higher"
"FUC-RHAMCAT-PWY",782.378071290308,235.808607975424,-1.73024955106677,1817.5,4.15258980757116e-07,2.03854408735312e-05,"***","GCtS_higher"
"FUCCAT-PWY",935.142212906294,255.565595883657,-1.87149214685882,1818.5,3.96844497041471e-07,2.03854408735312e-05,"***","GCtS_higher"
"PWY-5837",2451.01609893513,835.548431101527,-1.55258460113086,1786,1.60430166201262e-06,7.21935747905681e-05,"***","GCtS_higher"
"PWY-7883",1112.96517911079,273.914814937793,-2.02260925359794,1772,2.81343658214972e-06,0.000116865827258527,"***","GCtS_higher"
"DARABCATK12-PWY",402.237151498713,114.241258865169,-1.81596255610366,1768,3.31303276590589e-06,0.000127788406684941,"***","GCtS_higher"
"PWY-6527",9127.29718139093,3632.8287634257,-1.32909434108304,1754,5.72001496567074e-06,0.000205920538764147,"***","GCtS_higher"
"GALACTITOLCAT-PWY",941.801599179237,350.646821382815,-1.42540452230906,1740.5,9.41058911041459e-06,0.000267458848401257,"***","GCtS_higher"
"P42-PWY",15819.8307375209,6979.30621031006,-1.18057862879714,1744,8.36760779622552e-06,0.000267458848401257,"***","GCtS_higher"
"PWY-5861",3728.78016073747,1491.021519334,-1.32240266241073,1741,9.3648306898268e-06,0.000267458848401257,"***","GCtS_higher"
"PWY-7316",745.509505657633,226.995160228059,-1.71556520968808,1741,9.35578574501328e-06,0.000267458848401257,"***","GCtS_higher"
"P381-PWY",3302.78101631983,1092.59508192287,-1.59592248386262,1737.5,1.05248730408736e-05,0.000270639592479606,"***","GCtS_higher"
"PWY-6470",9259.73423134495,3837.71994761578,-1.27072134983709,1739,1.00909154851163e-05,0.000270639592479606,"***","GCtS_higher"
"PWY-5862",2082.88846316485,723.838697773579,-1.52484544233606,1725,1.68579473518449e-05,0.000364473721605731,"***","GCtS_higher"
"PWY-5897",4744.18259716704,1905.98744598084,-1.31562092153954,1725,1.68737834076727e-05,0.000364473721605731,"***","GCtS_higher"
"PWY-5898",4744.18259716704,1905.98744598084,-1.31562092153954,1725,1.68737834076727e-05,0.000364473721605731,"***","GCtS_higher"
"PWY-5899",4744.18259716704,1905.98744598084,-1.31562092153954,1725,1.68737834076727e-05,0.000364473721605731,"***","GCtS_higher"
"PWY-5840",5079.89104250845,2077.35630570898,-1.29004886651113,1720,2.02018660601367e-05,0.000403671975201008,"***","GCtS_higher"
"PWY-5845",2801.13276782832,1031.65016930214,-1.44105652733494,1718,2.16786801496838e-05,0.000403671975201008,"***","GCtS_higher"
"PWY-5860",2082.88846316485,729.063648006002,-1.51446891247895,1719,2.07708043520327e-05,0.000403671975201008,"***","GCtS_higher"
"PWY-5896",2801.13276782832,1031.65016930214,-1.44105652733494,1718,2.16786801496838e-05,0.000403671975201008,"***","GCtS_higher"
"PWY-5154",8380.60152983543,3905.25502499427,-1.10163703536673,1717,2.24858043303651e-05,0.000404744477946573,"***","GCtS_higher"
"GLYCOL-GLYOXDEG-PWY",277.202124671896,109.875912818302,-1.33506316441357,1714,2.48677557195265e-05,0.000419643377767009,"***","GCtS_higher"
"PWY6666-2",376.836073915019,103.432546486848,-1.86524685732522,1714.5,2.43477596255648e-05,0.000419643377767009,"***","GCtS_higher"
"PWY-4321",480.994650697635,117.381458372691,-2.034816311686,1709.5,2.83977614583542e-05,0.000421192131554555,"***","GCtS_higher"
"PWY-5838",4765.10748121742,2045.56576530662,-1.2200088348894,1707,3.1979402580994e-05,0.000421192131554555,"***","GCtS_higher"
"PWY-5850",2801.13276782832,1039.2247505748,-1.43050266967104,1712,2.66275455396148e-05,0.000421192131554555,"***","GCtS_higher"
"PWY-5989",6411.90337032659,2518.46705200531,-1.34820682675045,1710,2.87950811995537e-05,0.000421192131554555,"***","GCtS_higher"
"PWY-6317",12633.4466454832,5738.73648836716,-1.13844325229623,1707,3.1979402580994e-05,0.000421192131554555,"***","GCtS_higher"
"PWY-6478",1233.99834833938,481.650399913833,-1.35728219472728,1708,3.08829110760123e-05,0.000421192131554555,"***","GCtS_higher"
"PWY-6969",15921.5473661691,7364.41690120761,-1.11233734839901,1707,3.1979402580994e-05,0.000421192131554555,"***","GCtS_higher"
"PWY-7323",10243.3979106353,4721.43873048173,-1.11739590749395,1707,3.1979402580994e-05,0.000421192131554555,"***","GCtS_higher"
"PWY-8131",801.278477028497,274.298149299882,-1.54655883698482,1712,2.65687629981137e-05,0.000421192131554555,"***","GCtS_higher"
"PWY0-1241",1721.16703011027,667.419276981267,-1.36672184865317,1705,3.42830251427643e-05,0.000440781751835541,"***","GCtS_higher"
"HEXITOLDEGSUPER-PWY",2388.73763509185,1048.28868736976,-1.1882123311405,1703,3.67353793140346e-05,0.000455050637163264,"***","GCtS_higher"
"PWY-7332",385.736970442233,89.5984533886118,-2.10607169134473,1700.5,3.70782000651548e-05,0.000455050637163264,"***","GCtS_higher"
"PWY-1541",374.71417298118,105.968212124249,-1.82215898998032,1696,3.91346350570032e-05,0.000469615620684039,"***","GCtS_higher"
"PWY-8190",538.608862708972,97.9355859939442,-2.45933288966786,1697,4.08350411191805e-05,0.000479367874007771,"***","GCtS_higher"
"PWY-5494",147.758610537007,47.7388581344909,-1.63000624081849,1693,4.96913834147072e-05,0.000570922277530679,"***","GCtS_higher"
"PWY-5419",1097.30070102201,529.382301775489,-1.0515770629781,1691,5.53361729575453e-05,0.000622531945772385,"***","GCtS_higher"
"PWY-5138",1534.00012411906,568.483709376485,-1.4321076870089,1681.5,7.50984091557605e-05,0.000827615121308381,"***","GCtS_higher"
"PWY-7854",2949.48647602769,1338.72257367685,-1.13960677526429,1681,7.72319659652815e-05,0.000834105232425041,"***","GCtS_higher"
"PWY-6837",530.739003949395,194.95619887618,-1.44485254837822,1679.5,8.02198470752913e-05,0.000849386616091319,"***","GCtS_higher"
"PWY-5022",6714.9133104004,3213.3282078578,-1.06330043002508,1678,8.52383561969415e-05,0.00085365614851618,"***","GCtS_higher"
"PWY-5507",1115.51609636264,333.159588574398,-1.74342601000221,1665,8.5365614851618e-05,0.00085365614851618,"***","GCtS_higher"
"PWY66-389",35029.2742708362,16768.0776805463,-1.06284379349899,1679,8.24871397373123e-05,0.00085365614851618,"***","GCtS_higher"
"GLCMANNANAUT-PWY",5210.51223976085,2388.61654705666,-1.12524993773088,1666,0.000125677965182242,0.00119063335435809,"**","GCtS_higher"
"PWY-5347",10004.808587786,4846.28391481427,-1.0457427345759,1667,0.00012172301292582,0.00119063335435809,"**","GCtS_higher"
"PWY-5659",18838.8828138172,10022.1545427528,-0.910520723003286,1666,0.000125677965182242,0.00119063335435809,"**","GCtS_higher"
"MET-SAM-PWY",9248.38796237097,4546.44383169965,-1.0244633895818,1663,0.000138273572560641,0.00124446215304577,"**","GCtS_higher"
"METSYN-PWY",9094.47196994062,4379.77663233347,-1.05413258207256,1664,0.000133949884181877,0.00124446215304577,"**","GCtS_higher"
"PWY-5420",1467.65148870752,734.558276243106,-0.998560566993895,1663,0.000138273572560641,0.00124446215304577,"**","GCtS_higher"
"PWY-5430",1342.31938149344,652.986670048959,-1.03960253024089,1661,0.000147313844069367,0.00128784935511634,"**","GCtS_higher"
"PWY-6143",86.4450510332693,22.2071898843978,-1.96075652745191,1657,0.000147864185217061,0.00128784935511634,"**","GCtS_higher"
"NAGLIPASYN-PWY",2568.64243758681,1058.22132011628,-1.27936468760973,1658,0.000161911430438052,0.00136612769432106,"**","GCtS_higher"
"PWY-8073",2568.64243758681,1058.22132011628,-1.27936468760973,1658,0.000161911430438052,0.00136612769432106,"**","GCtS_higher"
"HOMOSER-METSYN-PWY",6738.6529619783,3128.68016486131,-1.10690604555579,1657,0.000167069162800914,0.00136692951382566,"**","GCtS_higher"
"PYRIDNUCSYN-PWY",13084.0689064951,6795.88343722375,-0.945078249635954,1657,0.000167069162800914,0.00136692951382566,"**","GCtS_higher"
"GLUTORN-PWY",15459.7443988571,8450.77631085573,-0.871360684488353,1656,0.000172379475663971,0.00138932711729171,"**","GCtS_higher"
"P23-PWY",13426.6045983626,6793.75356662334,-0.982813720723084,1654,0.000183474476893451,0.00145700319885976,"**","GCtS_higher"
"ASPASN-PWY",5049.73343181957,2212.25952678359,-1.19068658970125,1653,0.000189267735202837,0.00146006538585045,"**","GCtS_higher"
"P221-PWY",4425.54266156508,1913.30209515753,-1.20978968808276,1653,0.000189267735202837,0.00146006538585045,"**","GCtS_higher"
"RHAMCAT-PWY",2179.82769195731,941.399698223404,-1.21133480365361,1651,0.000201367973200257,0.0015315310637766,"**","GCtS_higher"
"PWY-7377",4939.24404361525,2251.46435736556,-1.13342661399805,1650,0.000207684156857284,0.00155763117642963,"**","GCtS_higher"
"GLUCARDEG-PWY",2510.44747498513,971.097460765859,-1.3702565414174,1649,0.00021418403676241,0.00157082432803429,"**","GCtS_higher"
"PWY0-1337",2103.75472019919,1012.01006817086,-1.05574286551198,1648.5,0.000215261111619514,0.00157082432803429,"**","GCtS_higher"
"P4-PWY",12553.201002221,6432.99284486921,-0.964493301811038,1648,0.000220872494046097,0.0015902819571319,"**","GCtS_higher"
"PWY-6588",1217.81172511107,606.910487373642,-1.00473545279049,1646,0.000233654626311308,0.00163861685984554,"**","GCtS_higher"
"PWY-6672",344.977113643538,108.81023384631,-1.66468640259293,1646,0.000231306054951474,0.00163861685984554,"**","GCtS_higher"
"PWY-8085",285.805295593081,131.476493616825,-1.12022776149259,1643,0.000241087266189099,0.00166906568900146,"**","GCtS_higher"
"PWY-6307",2467.15110137663,1161.31210957553,-1.08709031937778,1644,0.000249613821941465,0.00168489329810489,"**","GCtS_higher"
"PWY0-781",12463.4958467019,6433.94975259073,-0.953932208023013,1644,0.000249613821941465,0.00168489329810489,"**","GCtS_higher"
"P562-PWY",2682.0436514137,1189.48485043831,-1.17299582054173,1642,0.000265251595335565,0.00173440533147447,"**","GCtS_higher"
"PWY-5654",466.137038089109,239.958409051635,-0.95796977894708,1641.5,0.000266584523171076,0.00173440533147447,"**","GCtS_higher"
"PWY0-1533",2651.64613307965,1222.51002179994,-1.11704196601926,1642,0.000265251595335565,0.00173440533147447,"**","GCtS_higher"
"PWY-6467",3075.82604166667,1295.48708333333,-1.24747928046239,1641,0.000273406793618118,0.00173693727710334,"**","GCtS_higher"
"PWY-6895",6236.9434616667,3039.40383990023,-1.03705080505779,1641,0.000273406793618118,0.00173693727710334,"**","GCtS_higher"
"PWY-6906",1585.66730898375,707.398404347312,-1.16449523905979,1639,0.000290419193310453,0.00182356237660052,"**","GCtS_higher"
"METHANOGENESIS-PWY",9.34305529043938,0.830618842598287,-3.49163589918099,1460,0.000299879035945638,0.0018401668114846,"**","GCtS_higher"
"PWY3O-4107",9757.64795162155,5224.79759978424,-0.901158282281916,1638,0.000299288555362019,0.0018401668114846,"**","GCtS_higher"
"COLANSYN-PWY",8855.38358809781,4505.97197503833,-0.974716460724205,1636,0.000317785059304696,0.00188575749477512,"**","GCtS_higher"
"PWY-1269",2333.65188994289,1021.93345847232,-1.19128811016344,1636,0.000317785059304696,0.00188575749477512,"**","GCtS_higher"
"PWY1ZNC-1",10222.4915209113,5423.34593751167,-0.914491763012944,1636,0.000317785059304696,0.00188575749477512,"**","GCtS_higher"
"PCPDEG-PWY",1164.62802401987,541.274108397395,-1.10543795519708,1632.5,0.000349661269606116,0.00205235962594894,"**","GCtS_higher"
"PWY-5055",45.1822325280652,10.5622294239822,-2.09684117442425,1610,0.000369705339601012,0.00214667616542523,"**","GCtS_higher"
"PWY-3661",2932.96071301523,1261.48010850121,-1.21724028880665,1630,0.00037981890784429,0.00218193840676507,"**","GCtS_higher"
"PWY-5100",9871.39990295131,4642.45273184435,-1.0883674724625,1626,0.000427204599747601,0.00242832088277584,"**","GCtS_higher"
"ARG+POLYAMINE-SYN",5662.34018111539,3019.53658361206,-0.907071273578609,1625,0.000439875659524132,0.00247430058482324,"**","GCtS_higher"
"DAPLYSINESYN-PWY",18446.3922176681,10159.0787687958,-0.860569095078614,1624,0.000452893083263198,0.00249553331594007,"**","GCtS_higher"
"PWY-7807",2752.40204606214,1310.43096527618,-1.07064986815981,1624,0.000452893083263198,0.00249553331594007,"**","GCtS_higher"
"PWY-6897",14572.317747692,7765.72398494145,-0.908038022388804,1622,0.000480001496315394,0.00261818997990215,"**","GCtS_higher"
"KDO-NAGLIPASYN-PWY",76.2035825748143,11.5308462323501,-2.72436043072241,1548,0.000509308765880068,0.00275026733575237,"**","GCtS_higher"
"PWY-6936",14451.3325473031,7770.39743376733,-0.895142233375797,1619,0.000523482273813315,0.00279881611741773,"**","GCtS_higher"
"LIPASYN-PWY",2256.99666666667,1128.55354166667,-0.999929422278385,1617,0.00055332232063332,0.0029009131373009,"**","GCtS_higher"
"PWY-6344",2033.32507963586,793.494606072555,-1.35754856454213,1617,0.000550512904504252,0.0029009131373009,"**","GCtS_higher"
"GALACTARDEG-PWY",3014.51429001674,1384.19175436836,-1.12288175260471,1616,0.000570570221940182,0.00293436114140665,"**","GCtS_higher"
"GLUCARGALACTSUPER-PWY",3014.51429001674,1384.19175436836,-1.12288175260471,1616,0.000570570221940182,0.00293436114140665,"**","GCtS_higher"
"POLYAMSYN-PWY",3624.60168569061,1919.38296093325,-0.917179872350065,1613,0.000621534086877899,0.00316630572560439,"**","GCtS_higher"
"PWY-6608",10241.6048445331,5678.48234248697,-0.850864496264037,1612,0.000639432295502594,0.00316782972083854,"**","GCtS_higher"
"PWY-7229",11345.5556892606,6032.66485451805,-0.911259931309562,1612,0.000639432295502594,0.00316782972083854,"**","GCtS_higher"
"PWY-7855",344.385435382571,138.699858629102,-1.31205781292626,1612,0.000632986323495954,0.00316782972083854,"**","GCtS_higher"
"PWY-6676",23.0392138738203,6.07119101360988,-1.92404002141018,1561,0.000649894533169659,0.00319039134465105,"**","GCtS_higher"
"PWY490-3",11375.8269137053,6032.53793760052,-0.915134430795311,1611,0.000657803847535642,0.00320012682584907,"**","GCtS_higher"
"PWY-6595",11561.7558978875,6376.06476886917,-0.858622328729741,1610,0.000676660015537771,0.00320523165254734,"**","GCtS_higher"
"PWY-7376",6823.15636280675,3758.24518475309,-0.860380088147928,1610,0.000676660015537771,0.00320523165254734,"**","GCtS_higher"
"PWY-7805",2218.36097437907,1091.80006451451,-1.02278545423595,1610,0.000676660015537771,0.00320523165254734,"**","GCtS_higher"
"PROTOCATECHUATE-ORTHO-CLEAVAGE-PWY",12321.2014736908,6316.07641622923,-0.964042412857343,1609,0.000696012305926416,0.00324005728620918,"**","GCtS_higher"
"PWY66-409",10948.908827022,6076.96456483052,-0.84936431280718,1609,0.000696012305926416,0.00324005728620918,"**","GCtS_higher"
"PWY-5723",3380.34522935249,1557.22628756344,-1.11819199004844,1606,0.000757164566764811,0.00349460569276067,"**","GCtS_higher"
"PWY-5747",675.764725296714,272.190616013046,-1.31190371459699,1605,0.000778621227307389,0.00356318188767788,"**","GCtS_higher"
"METH-ACETATE-PWY",776.15983038477,230.358112893558,-1.7524753608097,1604,0.000800525397312901,0.00357308266656918,"**","GCtS_higher"
"SO4ASSIM-PWY",8104.9892512271,4655.94724577798,-0.799735560574154,1604,0.000800635190101614,0.00357308266656918,"**","GCtS_higher"
"SULFATE-CYS-PWY",11258.7145448293,6763.03579733222,-0.735299223008495,1604,0.000800635190101614,0.00357308266656918,"**","GCtS_higher"
"PWY-5005",3334.81568689379,1725.20945639306,-0.950835497737922,1600,0.000894527909316584,0.00392719569943866,"**","GCtS_higher"
"PWY-7356",9854.59246511363,4728.63596750591,-1.05937212944556,1600,0.000894527909316584,0.00392719569943866,"**","GCtS_higher"
"CODH-PWY",692.319716961946,209.292093065064,-1.72592062762297,1598,0.000938648930946862,0.00401882711436447,"**","GCtS_higher"
"PWY-6126",11146.8481405033,6215.94458174568,-0.842590287803684,1598,0.000945168599119051,0.00401882711436447,"**","GCtS_higher"
"PWY-6185",2077.67016969158,986.841794113304,-1.07407592229085,1598,0.000945168599119051,0.00401882711436447,"**","GCtS_higher"
"PYRIDNUCSAL-PWY",9722.80459456292,5585.47021090643,-0.799693788289514,1598,0.000945168599119051,0.00401882711436447,"**","GCtS_higher"
"GLYCOCAT-PWY",6679.44665215036,3977.26929782296,-0.747950340721066,1597,0.000971462513069139,0.00409835747701043,"**","GCtS_higher"
"PWY-7761",12892.1268501115,7491.07707956351,-0.78324521694602,1595,0.00102607209646102,0.00429518552006937,"**","GCtS_higher"
"PWY-7328",4944.11389805293,2682.73775194505,-0.882005946700082,1593,0.00108348028653934,0.00450061042100956,"**","GCtS_higher"
"PWY-5519",216.476024696389,102.573007528524,-1.07755612114432,1588,0.0011059355704659,0.00452428187917868,"**","GCtS_higher"
"PWY-6565",18.6713472757084,0.931195222255655,-4.32559856459798,1402,0.0011030023819214,0.00452428187917868,"**","GCtS_higher"
"PWY-7237",8014.79854166667,4623.264375,-0.793754394088752,1591,0.00114381485011863,0.00464406029371475,"**","GCtS_higher"
"PWY-5415",3003.62865211495,1612.33825001136,-0.89755202259811,1590,0.00117512080923811,0.00470048323695244,"**","GCtS_higher"
"PWY0-862",3957.85096198555,1993.10127083241,-0.989702270497299,1590,0.00117512080923811,0.00470048323695244,"**","GCtS_higher"
"PWY-5178",1436.52719617827,729.906738073094,-0.976801261784861,1587.5,0.00124779072033099,0.00488265934042561,"**","GCtS_higher"
"PWY-7254",9879.40133707283,4956.01806131821,-0.995242176212597,1588,0.00124009545178805,0.00488265934042561,"**","GCtS_higher"
"PWY0-1296",13140.2285244978,7730.33236154744,-0.76538801758766,1588,0.00124009545178805,0.00488265934042561,"**","GCtS_higher"
"PWY-7400",13776.3312410534,8515.96103621899,-0.693950482696362,1587,0.00127379926454877,0.00494857268241967,"**","GCtS_higher"
"PWY-7399",2467.54438118545,1288.40605114827,-0.937488691554208,1585,0.00134373020872505,0.00514620079937252,"**","GCtS_higher"
"PWY0-41",761.522132361216,389.330499685753,-0.967890598710793,1585,0.00133711425647531,0.00514620079937252,"**","GCtS_higher"
"PWY-5497",2537.7746310167,4996.92496900861,0.977476600295389,720,0.00137999450015187,0.00524786640902825,"**","EtS_higher"
"DENITRIFICATION-PWY",1013.69577221756,431.010126483525,-1.23383106874026,1582,0.00144806420053634,0.00546821446356379,"**","GCtS_higher"
"PWY-5265",800.394749823981,167.453217561153,-2.25695360668928,1573.5,0.00148465246087937,0.00556744672829762,"**","GCtS_higher"
"LACTOSECAT-PWY",243.406992887039,111.153775309246,-1.13081366614637,1574,0.00155479094624456,0.00579025593773834,"**","GCtS_higher"
"PWY-5741",1138.2438923561,570.540422875798,-0.996408707683105,1577.5,0.00162491731151615,0.00600996813848439,"**","GCtS_higher"
"DTDPRHAMSYN-PWY",13868.2367269698,8240.47041578342,-0.75098576565759,1576,0.00170387405312791,0.00621683776141264,"**","GCtS_higher"
"PWY-6435",6581.48362603544,3639.14964404647,-0.854811462178215,1576,0.00170387405312791,0.00621683776141264,"**","GCtS_higher"
"PWY-7294",2777.78657192747,1513.75316201727,-0.875805782234554,1573,0.00174878452365745,0.00633787679714782,"**","GCtS_higher"
"SUCSYN-PWY",75.8534637675864,13.5367969066162,-2.48632865398507,1536,0.00186838074965756,0.00672617069876722,"**","GCtS_higher"
"PWY-5101",7.80242687920939,1.31062051759763,-2.57367290878622,1447,0.00188419100439274,0.00673816650577537,"**","GCtS_higher"
"PWY-7347",36.0698304878555,6.70672662884287,-2.42711193989923,1535,0.00192183132734591,0.00682755866293943,"**","GCtS_higher"
"TYRFUMCAT-PWY",1653.58888274114,922.266330124653,-0.842345260147933,1571,0.00193998790616415,0.00684701613940289,"**","GCtS_higher"
"PWY-6071",2491.24754080348,1400.14979561162,-0.831287198170695,1570,0.0019906369984175,0.00698015570873669,"**","GCtS_higher"
"DENOVOPURINE2-PWY",13283.2826865913,7958.91646283956,-0.738967783886031,1569,0.00204248453420084,0.00702510604120035,"**","GCtS_higher"
"PPGPPMET-PWY",15187.988183922,8818.22484131958,-0.784370614241849,1569,0.00204248453420084,0.00702510604120035,"**","GCtS_higher"
"PWY-6182",3777.4747002838,2046.62686777985,-0.884173992569883,1569,0.00204248453420084,0.00702510604120035,"**","GCtS_higher"
"PWY-6292",5521.71844397391,3314.29484815668,-0.736415371725993,1568,0.00209555551030403,0.00707249984727612,"**","GCtS_higher"
"PWY-6353",13185.8298925975,7935.26339992406,-0.732638357507054,1568,0.00209555551030403,0.00707249984727612,"**","GCtS_higher"
"PWY0-1261",5725.21810791677,3266.36625999237,-0.809644084768462,1568,0.00209555551030403,0.00707249984727612,"**","GCtS_higher"
"PWY-5647",298.704999158487,158.545500202189,-0.913824451122039,1567,0.00213383068192874,0.00715694762882931,"**","GCtS_higher"
"CRNFORCAT-PWY",1945.64593320977,957.615659712776,-1.02273054402333,1567,0.00214987535985656,0.00716625119952186,"**","GCtS_higher"
"PWY-7052",2725.96050916447,1560.14139368805,-0.805087877369911,1564,0.00232058914359209,0.00764096425329104,"**","GCtS_higher"
"REDCITCYC",11778.369392466,6607.64480565312,-0.833931783261705,1564,0.00232058914359209,0.00764096425329104,"**","GCtS_higher"
"PWY-6961",154.798936987189,65.5141749005611,-1.24051657181584,1556,0.00255152470536046,0.00835044449027061,"**","GCtS_higher"
"PWY-7090",1002.85248945973,536.563160349516,-0.902289504392065,1560,0.00256731338136591,0.00835150136106983,"**","GCtS_higher"
"PWY-6471",265.705457995457,57.0808192859486,-2.21874991606808,1551.5,0.00263746925431807,0.00847757974602237,"**","GCtS_higher"
"PWY-7255",1740.52009122415,823.323231999027,-1.0799876267136,1559,0.00263259403517526,0.00847757974602237,"**","GCtS_higher"
"PWY-5345",12039.3873164085,7668.93361126549,-0.650664089696264,1558,0.00269937302995069,0.008625215598659,"**","GCtS_higher"
"PWY-5742",144.669253725012,56.0029508190641,-1.36918359076652,1556,0.00273615186275,0.0086913059169706,"**","GCtS_higher"
"PWY-6901",12018.4114803662,7266.40699730026,-0.72593214246303,1556,0.00283754697852733,0.00885708305436277,"**","GCtS_higher"
"PWY-7858",3236.80383938122,1778.36416428665,-0.864019154176687,1556,0.00283754697852733,0.00885708305436277,"**","GCtS_higher"
"PWY-7900",8151.74762453423,4613.05907527634,-0.821385619011134,1556,0.00283754697852733,0.00885708305436277,"**","GCtS_higher"
"PWY-6339",97.2165469598717,44.7051023349485,-1.12076239168977,1553,0.00286853505502171,0.00890235017075705,"**","GCtS_higher"
"PWY-7084",33.4826921861498,4.55540551476895,-2.87776414140039,1495.5,0.00296358095756455,0.00914476409762775,"**","GCtS_higher"
"PWY-181",2972.09685306134,1677.27439018107,-0.825362407521873,1552.5,0.00307278103769959,0.00942785091112374,"**","GCtS_higher"
"PWY0-1477",4281.14083242479,2274.56111810736,-0.912407094438104,1551,0.00321137237069989,0.00979740723264372,"**","GCtS_higher"
"PWY-1622",6088.06092103166,3518.91182858627,-0.79085342970852,1549,0.00337294484228372,0.0102325292968158,"*","GCtS_higher"
"PWY0-321",2741.61444944032,1516.03503282809,-0.854722608620275,1547,0.00354180830243285,0.0106847848229818,"*","GCtS_higher"
"PWY-6641",395.796996995656,212.12120419202,-0.899871822701367,1543,0.00383943052668934,0.011518291580068,"*","GCtS_higher"
"ALLANTOINDEG-PWY",1261.98673094461,729.124932658564,-0.791458800395919,1543,0.00390255796093958,0.0116429906016982,"*","GCtS_higher"
"PWY-5417",4306.3055966829,2297.07626447401,-0.906651947938079,1540,0.00419444630491298,0.0123742184286709,"*","GCtS_higher"
"PWY-5431",4306.3055966829,2297.07626447401,-0.906651947938079,1540,0.00419444630491298,0.0123742184286709,"*","GCtS_higher"
"PWY0-1338",4.07339930289337,0.752119962193754,-2.43719854927423,1428,0.00421640035347304,0.0123742184286709,"*","GCtS_higher"
"METHGLYUT-PWY",293.268524979108,151.610309478216,-0.95185438237901,1538.5,0.00431777246389164,0.0126032277324405,"*","GCtS_higher"
"PWY-7373",156.401859490683,78.3403585632998,-0.997430028584645,1537,0.00447814171208272,0.013001056583466,"*","GCtS_higher"
"PWY-6404",8139.46721314274,4548.52867429055,-0.83953441474145,1537,0.00450579193538413,0.0130113777813232,"*","GCtS_higher"
"GALLATE-DEGRADATION-I-PWY",530.976963987839,296.159381263134,-0.842275485968611,1535.5,0.00464010672887571,0.0133279661361324,"*","GCtS_higher"
"PWY-6396",4300.83637362608,2527.52137748682,-0.766893950310399,1535,0.00472471288300554,0.0134991796657301,"*","GCtS_higher"
"P441-PWY",3962.04406160795,2183.4843700997,-0.859612720423441,1532,0.00507098563889684,0.0144122749737068,"*","GCtS_higher"
"PWY-5028",3156.85192526939,1826.84341928538,-0.789133607122057,1531,0.00519135773776535,0.014600693637465,"*","GCtS_higher"
"PWY-5062",38.6474630560388,14.0465516212766,-1.46015771665777,1502,0.00517098985457576,0.014600693637465,"*","GCtS_higher"
"PWY-6902",4095.63080192312,2035.10183315584,-1.0089846839669,1530,0.00531427932304368,0.0148689680541118,"*","GCtS_higher"
"14DICHLORBENZDEG-PWY",2625.45355997923,1491.33863157555,-0.815958795840724,1526,0.00583239695236716,0.0161512530988629,"*","GCtS_higher"
"PWY-6084",2625.45355997923,1491.33863157555,-0.815958795840724,1526,0.00583239695236716,0.0161512530988629,"*","GCtS_higher"
"PWY0-1277",1327.84973504793,805.44652025044,-0.721231188924676,1524.5,0.00599011609683209,0.0165033810831088,"*","GCtS_higher"
"PWY-6962",664.063904084246,341.706633133957,-0.95856382811592,1523.5,0.00614158536006282,0.0168348025098169,"*","GCtS_higher"
"PWY-7902",49.3806968799923,29.9131255087973,-0.723168536435556,1522.5,0.00621053890676349,0.0169378333820822,"*","GCtS_higher"
"PWY-6397",4032.27849968877,2147.34649451387,-0.90904028335584,1521,0.00654316522692463,0.0177553227263281,"*","GCtS_higher"
"CATECHOL-ORTHO-CLEAVAGE-PWY",4784.63995471385,2450.9909474781,-0.965045209907158,1520,0.0066942407595407,0.0180744500507599,"*","GCtS_higher"
"PWY-6338",285.216719335903,162.724161774543,-0.809630072066679,1518,0.00690397738819803,0.0183652600474233,"*","GCtS_higher"
"PWY-7097",285.216719335903,162.724161774543,-0.809630072066679,1518,0.00690397738819803,0.0183652600474233,"*","GCtS_higher"
"PWY66-399",13982.1506370982,8552.04317014276,-0.709245242273705,1519,0.0068484127533412,0.0183652600474233,"*","GCtS_higher"
"GLUDEG-I-PWY",3307.85860395046,2088.59217640841,-0.663366751355322,1517,0.0071662625684989,0.0189695185636735,"*","GCtS_higher"
"PWY-6748",445.434478701322,203.431247510393,-1.13067193623993,1516,0.00731969084858952,0.0192811368694553,"*","GCtS_higher"
"PWY-4984",4831.88539901228,9873.46647058899,1.03097045099919,790,0.00766763264012351,0.0200996195420713,"*","EtS_higher"
"PWY-4702",501.333591960441,791.609304174165,0.659017663752654,791,0.00780528423747263,0.0203616110542764,"*","EtS_higher"
"PWY-5505",12263.7933934821,7525.03119836905,-0.704635829087605,1511,0.00819988625010111,0.021288166226224,"*","GCtS_higher"
"PWY-7295",811.755166938642,430.960180442496,-0.913490088156494,1510,0.00833607445784357,0.0214422437996267,"*","GCtS_higher"
"PWY-7783",93.475014457917,33.9593588473388,-1.46077156813302,1510,0.00833865036652148,0.0214422437996267,"*","GCtS_higher"
"PWY0-301",687.797350970719,282.053267733598,-1.28601590796809,1510,0.00838444120352476,0.0214578116109165,"*","GCtS_higher"
"PWY-7674",12.1210490791041,1.85974697840421,-2.70433631029399,1421.5,0.00867199947323516,0.0220890552620141,"*","GCtS_higher"
"PWY66-367",542.559884715826,302.394158911839,-0.843352110399734,1508,0.00876037061895363,0.0222093903015726,"*","GCtS_higher"
"PWY-7383",13470.2979025537,8061.84865305976,-0.740599152584649,1505,0.00936348979479524,0.0236253049586094,"*","GCtS_higher"
"PWY-7873",795.455653467562,479.376851471874,-0.730621258095447,1504.5,0.00940637141870559,0.0236253049586094,"*","GCtS_higher"
"PWY-6946",2976.38027274931,1614.96784951404,-0.882053417688825,1502,0.00999821831684506,0.0249955457921126,"*","GCtS_higher"
"POLYAMINSYN3-PWY",2734.34150114662,1842.23374039094,-0.569737316807368,1500,0.0104421705310354,0.0259851248237748,"*","GCtS_higher"
"PWY-5645",4.69759992220576,0.523218663303394,-3.16643793889502,1347,0.010853670159052,0.026885238008661,"*","GCtS_higher"
"P184-PWY",328.236417632326,202.159547119166,-0.699240976420766,1496.5,0.0111983925849348,0.0274869636175673,"*","GCtS_higher"
"PWY-922",354.912349949375,194.122145325916,-0.870498067853986,1496.5,0.0111577530413987,0.0274869636175673,"*","GCtS_higher"
"PWY-7111",20892.5559995441,14118.50329007,-0.565401846948542,1496,0.0113824536904567,0.0278123302843738,"*","GCtS_higher"
"PWY-7031",2.10918338732353,0.244724148634124,-3.1074561591763,1384,0.0114439433162612,0.0278366188773921,"*","GCtS_higher"
"KETOGLUCONMET-PWY",1054.73949580558,488.021077950691,-1.11187135457517,1495,0.011628847002786,0.0280770678508502,"*","GCtS_higher"
"PWY-5910",502.298697491118,275.329151612166,-0.867388164642751,1494.5,0.0116467837010934,0.0280770678508502,"*","GCtS_higher"
"PWY-6803",97.807011694303,37.8800495370295,-1.36849967686723,1494,0.011819657475262,0.0283671779406289,"*","GCtS_higher"
"GLYCOLYSIS-E-D",7695.43133894218,5039.00736140479,-0.610862629835298,1493,0.0121357259060453,0.0289968672091349,"*","GCtS_higher"
"PWY-2941",4984.24166945726,3023.90339373065,-0.720961971846811,1491,0.01266188810506,0.0298577274093119,"*","GCtS_higher"
"PWY-7268",4659.75763280589,2284.58146157561,-1.0283250323736,1491,0.01266188810506,0.0298577274093119,"*","GCtS_higher"
"PWY0-1297",9480.1452120499,6177.81101427725,-0.617813419677546,1491,0.01266188810506,0.0298577274093119,"*","GCtS_higher"
"HCAMHPDEG-PWY",562.777327479442,339.338954012274,-0.729837156098827,1489.5,0.0129763478447149,0.0303343196369959,"*","GCtS_higher"
"PWY-6690",562.777327479442,339.338954012274,-0.729837156098827,1489.5,0.0129763478447149,0.0303343196369959,"*","GCtS_higher"
"PWY-821",8366.44320022487,5790.89682549401,-0.530827631655706,1489,0.0132079375721967,0.0307426133145959,"*","GCtS_higher"
"PWY-6922",3423.99834128598,4939.94261517533,0.528812280002385,816,0.0134886124362914,0.0312611618695166,"*","EtS_higher"
"PWY-5855",4711.46139824161,10047.8594124342,1.09264165495293,817,0.0137744916861672,0.0315179047056369,"*","EtS_higher"
"PWY-7269",3680.25762239499,1674.4251848209,-1.1361408439132,1487,0.0137744916861672,0.0315179047056369,"*","GCtS_higher"
"PWY-8187",5567.46019003986,11383.5442977291,1.03185857242916,817,0.0137744916861672,0.0315179047056369,"*","EtS_higher"
"METHYLGALLATE-DEGRADATION-PWY",390.294365815574,244.523278433063,-0.674590821364291,1486.5,0.0138442236010869,0.0315438006100715,"*","GCtS_higher"
"PWY-5030",3150.83836973246,8687.70724033994,1.46323973826517,818,0.0140656546016305,0.0319136701045397,"*","EtS_higher"
"PWY4FS-7",17399.5907899039,11627.4212259396,-0.581522210780423,1485,0.0143621813095887,0.0323149079465747,"*","GCtS_higher"
"PWY4FS-8",17399.5907899039,11627.4212259396,-0.581522210780423,1485,0.0143621813095887,0.0323149079465747,"*","GCtS_higher"
"GALLATE-DEGRADATION-II-PWY",482.128219347584,294.060422921611,-0.713304246803959,1483.5,0.0147378599663492,0.0330225907959693,"*","GCtS_higher"
"PWY-3941",10.8135187922007,4.11999111486751,-1.39212293076351,1449,0.015478839311462,0.0343974206921378,"*","GCtS_higher"
"PWY-7574",9.04459883626847,3.44391122425328,-1.39300856076851,1449,0.015478839311462,0.0343974206921378,"*","GCtS_higher"
"OANTIGEN-PWY",14307.2890752139,9835.48500156574,-0.540682237467364,1481,0.0156035583566048,0.0345324652154369,"*","GCtS_higher"
"PWY-5743",3.049863575278,1.21626214581868,-1.32629049751321,1398.5,0.0171639090971427,0.0376583030275238,"*","GCtS_higher"
"PWY-6505",100.437148999158,34.9449243493884,-1.52313815346153,1464,0.0172949243533813,0.0376583030275238,"*","GCtS_higher"
"PWY-7024",4.18807765253021,1.67226711583712,-1.3244828800012,1398.5,0.0171639090971427,0.0376583030275238,"*","GCtS_higher"
"PWY66-388",1401.29961759242,688.572003632677,-1.02508602800109,1476,0.0172859348121768,0.0376583030275238,"*","GCtS_higher"
"PWY-5655",265.17791699583,158.374952236979,-0.743616454040505,1475,0.0175054225044713,0.0379635668771667,"*","GCtS_higher"
"3-HYDROXYPHENYLACETATE-DEGRADATION-PWY",65.8121818396249,18.9005506657363,-1.79992638373982,1446,0.0179454850137033,0.0387622476295991,"*","GCtS_higher"
"PWY-5744",3.62037411202244,1.47612595370792,-1.29432295779732,1395.5,0.0188943135955812,0.0406491208829238,"*","GCtS_higher"
"P241-PWY",28.7158842803801,6.74159604074565,-2.09068690063374,1429.5,0.0189962436923421,0.0407062364835902,"*","GCtS_higher"
"PWY-6421",6080.65330659039,3652.52114855573,-0.735333708997539,1471,0.0191236542061129,0.0408172856573161,"*","GCtS_higher"
"PWY-6210",234.218249038427,138.563889557445,-0.757302154412852,1470,0.0193804269684481,0.0412024825313464,"*","GCtS_higher"
"PWY-7948",30.3767103763702,7.6458332423219,-1.99022000249206,1435,0.0194721558464268,0.0412351535571391,"*","GCtS_higher"
"P125-PWY",5421.48148796049,2935.86404896294,-0.884901977148821,1469,0.0199047751171057,0.0419866350126449,"*","GCtS_higher"
"PWY0-1061",17984.8489671027,11067.2667733913,-0.700483073032278,1468,0.0203055734330763,0.0426654072134676,"*","GCtS_higher"
"PWY-6562",2212.16757160881,1314.33233398656,-0.751130561027398,1465,0.021550068941864,0.0451047954597153,"*","GCtS_higher"
"PWY-8004",6501.33245406637,4323.77114046932,-0.588445267651429,1463,0.022415791089974,0.0467356262107565,"*","GCtS_higher"
"PWY-5656",13.4134655746231,3.41124126422388,-1.97531332743574,1415,0.0226581586828267,0.0470592526489478,"*","GCtS_higher"
"PWY-6891",1979.5448344087,837.713232972174,-1.2406403747155,1456,0.0227562141585507,0.0470818223970014,"*","GCtS_higher"
"P185-PWY",4612.93384021284,2248.36995568657,-1.03680515923816,1462,0.0228597665755341,0.0471155494304901,"*","GCtS_higher"
"PWY-6859",12037.3205923078,7499.51150519708,-0.682645764763002,1457,0.0251948393722085,0.0517308489011125,"ns","GCtS_higher"
"NADSYN-PWY",267.770461248906,157.58898597609,-0.764830113229815,1455,0.0260037872533039,0.0529888494972985,"ns","GCtS_higher"
"PWY-5499",13.5766021849701,3.8317277462155,-1.82505549856787,1385,0.0259155231536805,0.0529888494972985,"ns","GCtS_higher"
"PWY-7039",554.294597127795,362.145505316956,-0.614083475574796,1454.5,0.0262691023749191,0.0533282529415651,"ns","GCtS_higher"
"PWY-5652",241.055570796041,143.222859547339,-0.751103993823963,1454,0.0265226384664456,0.0536412912804519,"ns","GCtS_higher"
"PWY-6703",4134.40915954369,8547.94600842371,1.04789662414523,850,0.0266917684162797,0.0537819214357874,"ns","EtS_higher"
"PWY-7431",6122.93962812849,10332.6779199886,0.754917842541339,852,0.027731437770406,0.0556690572342723,"ns","EtS_higher"
"PWY-5651",169.748747371819,99.9790992568548,-0.7637024939139,1450,0.0286119959932847,0.0572239919865694,"ns","GCtS_higher"
"PWY-8011",3758.89716866944,8800.92208333333,1.22734523615933,854,0.0288054914560267,0.0573983962592414,"ns","EtS_higher"
"CHLOROPHYLL-SYN",1160.32691065431,761.139934266162,-0.60829770748472,1447.5,0.0300407777425813,0.0596397793418893,"ns","GCtS_higher"
"PWY-6957",687.730135416419,436.040936176223,-0.657378980215826,1447,0.030281588608281,0.0598976477965998,"ns","GCtS_higher"
"PWY-5920",5555.96610877479,3957.27823444212,-0.489529294837664,1447,0.0304829734660325,0.0600759331082393,"ns","GCtS_higher"
"ARGSYN-PWY",15267.4581819919,10956.0847143182,-0.478727567239715,1446,0.0310602888863819,0.0605507436774231,"ns","GCtS_higher"
"P105-PWY",11942.780707986,7509.95545334978,-0.669262531627261,1446,0.0310602888863819,0.0605507436774231,"ns","GCtS_higher"
"PWY-1861",1117.49026159046,651.206227895998,-0.779075856858387,1446,0.030993267322476,0.0605507436774231,"ns","GCtS_higher"
"PWY-7784",281.269141127677,155.14558797552,-0.858328608833653,1445,0.0314064226677486,0.0610052814409506,"ns","GCtS_higher"
"GOLPDLCAT-PWY",1749.88362414542,1113.01025041365,-0.65279209951227,1445,0.0316468705034918,0.0610332502567341,"ns","GCtS_higher"
"RUMP-PWY",827.099113896682,487.560884584351,-0.762477834559204,1445,0.03157896006751,0.0610332502567341,"ns","GCtS_higher"
"PWY-3481",20.3160439984902,4.91576410330617,-2.04713191256892,1416,0.0338758603459739,0.0650995181025833,"ns","GCtS_higher"
"ARGDEG-IV-PWY",7.61317276436714,1.3880894063999,-2.45539732210372,1336,0.0342798137662252,0.0656421965736228,"ns","GCtS_higher"
"CITRULBIO-PWY",5498.11004340304,7659.19406125113,0.4782568101928,865,0.0353674128175026,0.067485522690641,"ns","EtS_higher"
"PWY-7315",1750.23676958459,892.889947266341,-0.970995828315257,1436,0.0373622175696435,0.0705440471594668,"ns","GCtS_higher"
"PWY0-42",4256.51839275602,2462.84901043466,-0.789345681016762,1436,0.0373622175696435,0.0705440471594668,"ns","GCtS_higher"
"PWY1G-0",7216.38664407904,4421.58190751856,-0.706714023906809,1436,0.0373622175696435,0.0705440471594668,"ns","GCtS_higher"
"PWY-7874",639.578597855704,432.736845514836,-0.563631698175636,1435.5,0.0375162263764881,0.070588021753671,"ns","GCtS_higher"
"AST-PWY",30.0033402301643,12.1656861792636,-1.30230542815506,1422.5,0.0394478216163456,0.0737147172169901,"ns","GCtS_higher"
"PWY-7013",5286.76560393849,3513.01774036474,-0.589674502222914,1433,0.0394510245846484,0.0737147172169901,"ns","GCtS_higher"
"PWY-7942",1907.42615563674,1385.14245497141,-0.461592847571154,1430,0.0416371393564259,0.0775312250085173,"ns","GCtS_higher"
"PWY-1501",317.338800501544,170.090891447605,-0.899718042844146,1429,0.0421355426788983,0.0781896668268216,"ns","GCtS_higher"
"PWY3DJ-12",3.79046253195653,0.351230208917588,-3.4318850606553,1277,0.0447621549202986,0.0827793275923329,"ns","GCtS_higher"
"PWY-5705",2743.42583884841,1633.61317719475,-0.747912168378358,1421,0.0488131750684703,0.0899628482490578,"ns","GCtS_higher"
"P108-PWY",6271.81606758485,3778.74831728778,-0.730974819009467,1420,0.0496704746831408,0.0912314841118912,"ns","GCtS_higher"
"PWY-1361",449.943643345962,137.43421777372,-1.71100306649376,1417,0.0520279027033161,0.0952375168128499,"ns","GCtS_higher"
"PWY-6606",15437.9932999426,11152.0669610715,-0.469174107967502,1417,0.0523177091929767,0.0954444694736738,"ns","GCtS_higher"
"P101-PWY",3483.70252309562,1466.1027841954,-1.24863518583367,1416,0.0532256720757155,0.0964492044325045,"ns","GCtS_higher"
"PWY-6607",15433.9064592391,11152.0669610715,-0.468792138286581,1416,0.0532256720757155,0.0964492044325045,"ns","GCtS_higher"
"PWY-8020",1469.26511580839,1032.01649909376,-0.509628705202855,1415,0.0541466315839942,0.0977899031951735,"ns","GCtS_higher"
"PWY-7392",14514.894504875,10400.0251196404,-0.48094707343276,1413,0.0560280738904674,0.100850533002841,"ns","GCtS_higher"
"PWY-7098",20.2922456658501,7.02222994949165,-1.53092738687847,1324,0.0579223206583572,0.103913797858847,"ns","GCtS_higher"
"PWY-5692",2634.55068064764,1632.21464014625,-0.690726145342554,1410,0.0589510569468135,0.105061289608182,"ns","GCtS_higher"
"URDEGR-PWY",2634.55068064764,1632.21464014625,-0.690726145342554,1410,0.0589510569468135,0.105061289608182,"ns","GCtS_higher"
"PWY-5517",251.445904420378,169.157284462792,-0.571882749213663,1409,0.0595587884526154,0.105795216330304,"ns","GCtS_higher"
"HEME-BIOSYNTHESIS-II-1",3943.84649811736,2862.83444018352,-0.462159159782145,1409,0.0599528089983992,0.106145956915199,"ns","GCtS_higher"
"PWY-722",176.087186553603,81.9429689167374,-1.10359786160289,1406.5,0.060213152593021,0.106258504575919,"ns","GCtS_higher"
"PWY-5328",290.275255405398,145.054926622266,-1.00082229843148,1405.5,0.0621111770842153,0.109250930376144,"ns","GCtS_higher"
"NONOXIPENT-PWY",22275.3874811278,16903.9233100954,-0.398092400529413,1401,0.0684800475927822,0.120062421104229,"ns","GCtS_higher"
"PWY-6305",4308.4989060927,8686.97770884621,1.01166901792706,906,0.0719220356333916,0.125283545942037,"ns","EtS_higher"
"PWY-801",3577.07863901795,2484.26271257361,-0.525964087432511,1398,0.0719220356333916,0.125283545942037,"ns","GCtS_higher"
"PWY-6270",14355.0297920939,10738.5856765989,-0.418752328727207,1397,0.073100076386255,0.12692617764816,"ns","GCtS_higher"
"VALSYN-PWY",22971.8787576333,18215.8080033038,-0.334677862016937,1395,0.0755030554271688,0.130678365162408,"ns","GCtS_higher"
"PWY-6138",114.866983161943,192.399331356544,0.744139609394648,911,0.0764043943237816,0.131815887970741,"ns","EtS_higher"
"PYRIDOXSYN-PWY",293.202374158154,152.359751619001,-0.944414944405805,1389,0.0767964800648506,0.132070379729361,"ns","GCtS_higher"
"PWY-6731",5836.8895151634,3213.34078558499,-0.861125768531877,1390,0.0817905427180489,0.14006720379361,"ns","GCtS_higher"
"PWY0-845",635.665727060339,346.112422040808,-0.877027584271011,1385,0.0819652525903349,0.14006720379361,"ns","GCtS_higher"
"PWY-1042",22823.6774349459,17302.5311188209,-0.399548163242768,1389,0.083097156995865,0.141108379804299,"ns","GCtS_higher"
"PWY-8178",21926.6405119118,16390.0767802091,-0.419862173726372,1389,0.083097156995865,0.141108379804299,"ns","GCtS_higher"
"PWY-7115",13580.2601099577,9855.87874824423,-0.462454700026981,1388,0.0844204672904674,0.142906120178221,"ns","GCtS_higher"
"PWY-5466",2.57794553894404,0.259259259259259,-3.31375436109468,1249.5,0.0855799548499026,0.144416173809211,"ns","GCtS_higher"
"PWY0-1415",1745.30390980369,1130.45107441356,-0.626579720796564,1384,0.0898834402571042,0.1512057873484,"ns","GCtS_higher"
"PWY-6293",4921.7526908633,3643.16981989251,-0.433977921494972,1383,0.0912923083379218,0.153098902181608,"ns","GCtS_higher"
"PWY66-391",7815.77108569849,5122.32545275198,-0.609589294053801,1382,0.0927187025738462,0.155009595634294,"ns","GCtS_higher"
"PWY-5129",4.48784639860082,0.573271377868337,-2.96873314132151,1257.5,0.0946666290874869,0.157689638101018,"ns","GCtS_higher"
"PWY-7337",8.45579379653975,1.7518068730294,-2.27109646025838,1287,0.0957818542539515,0.157689638101018,"ns","GCtS_higher"
"PWY-7338",8.45579379653975,1.7518068730294,-2.27109646025838,1287,0.0957818542539515,0.157689638101018,"ns","GCtS_higher"
"PWY-7340",9.79703409115791,2.01872770955969,-2.27889873001896,1287,0.0957818542539515,0.157689638101018,"ns","GCtS_higher"
"PWY-8154",20.3910748595708,4.34417177464969,-2.23078476923903,1287,0.0957818542539515,0.157689638101018,"ns","GCtS_higher"
"FAO-PWY",13032.0738279459,9637.77258580814,-0.435295017440817,1378,0.0986022929343849,0.161839629740328,"ns","GCtS_higher"
"PWY-6087",100.343697331549,42.0659564607417,-1.25422495012315,1363,0.109066217825478,0.176564545240592,"ns","GCtS_higher"
"PWY-6089",100.343697331549,42.0659564607417,-1.25422495012315,1363,0.109066217825478,0.176564545240592,"ns","GCtS_higher"
"PWY-6107",99.1527492147279,41.7036227340978,-1.24948006071817,1363,0.109066217825478,0.176564545240592,"ns","GCtS_higher"
"PWY-6193",100.343697331549,42.0659564607417,-1.25422495012315,1363,0.109066217825478,0.176564545240592,"ns","GCtS_higher"
"PWY-7009",8.38337143499621,1.48822794977923,-2.49393503139409,1294,0.109208440945107,0.176564545240592,"ns","GCtS_higher"
"PWY-7644",1.70002126457136,0.429739915637911,-1.98401709915029,1277,0.111143793443709,0.179157159580905,"ns","GCtS_higher"
"PWY-241",5938.5635918191,4451.08920828407,-0.415955601529033,1369,0.112919004360389,0.181476971293483,"ns","GCtS_higher"
"PWY-7654",6.80172297022792,0.930953985371227,-2.86911847986621,1248.5,0.115132745013898,0.184485704176573,"ns","GCtS_higher"
"URSIN-PWY",5773.81618165951,4015.69068854284,-0.523877028936548,1367,0.116310735724187,0.185821885476512,"ns","GCtS_higher"
"PWY-6060",0.797024312368664,0,-29.5700484936552,1248,0.117147707979626,0.186606968463121,"ns","GCtS_higher"
"PWY-6168",5528.99023307507,7198.72805892153,0.380725996542015,942,0.125136895157502,0.198746833485445,"ns","EtS_higher"
"PWY-5644",4.06849444895742,1.60732130185557,-1.33983667066855,1296,0.12997630141645,0.205827574090565,"ns","GCtS_higher"
"PWY-7199",2330.82871643512,1645.46014806381,-0.50235190451359,1359,0.130675595526658,0.20632988767367,"ns","GCtS_higher"
"PWY-5180",3996.67198307622,2878.9285097241,-0.473267208025081,1355,0.13835113591937,0.217812283954693,"ns","GCtS_higher"
"PWY-6093",183.119318598074,85.3302497531722,-1.10165482386149,1345,0.1430001690724,0.224477009590396,"ns","GCtS_higher"
"PWY-5097",17726.6736750552,14479.4101727278,-0.291919012267267,1350,0.148423690096818,0.232315341021107,"ns","GCtS_higher"
"PWY-5392",35.5478267053704,15.1851067055323,-1.2271043138107,1329,0.151761914032422,0.236853854270255,"ns","GCtS_higher"
"PWY-1882",185.492914498606,134.057719966016,-0.468509777474718,1347,0.153097350926105,0.238249479827367,"ns","GCtS_higher"
"THRESYN-PWY",19169.6018422456,15698.6491662586,-0.288179948387999,1344,0.161231587971045,0.250186946851622,"ns","GCtS_higher"
"PWY-7820",291.848672534301,203.890653327813,-0.517424864741453,1338,0.174818639566551,0.270493023971168,"ns","GCtS_higher"
"PWY-6349",1.94330966058718,0.2287772889118,-3.08650005713319,1225,0.178268251273345,0.274258848112839,"ns","GCtS_higher"
"PWY-6350",2.17105840162131,0.256617484898526,-3.08070715170168,1225,0.178268251273345,0.274258848112839,"ns","GCtS_higher"
"PWY-6808",111.499720339482,34.1411316363818,-1.70745730798758,1326.5,0.17994573271058,0.275271092531765,"ns","GCtS_higher"
"PWY-7221",19675.9790858987,15979.2398852593,-0.300236644204112,1336,0.179571750734116,0.275271092531765,"ns","GCtS_higher"
"PWY-5913",8466.20488148313,12054.9525533215,0.509838665400737,971,0.186831238675776,0.284996804759658,"ns","EtS_higher"
"PWY-6915",8.79503229680112,3.23918208892977,-1.44105930447732,1281.5,0.193342552743734,0.294098530934131,"ns","GCtS_higher"
"PWY-7485",18.2350925998851,21.5412823223804,0.24038660817941,990,0.205979522661019,0.312440848980197,"ns","EtS_higher"
"PWY-7977",17732.5686049978,14811.2922053111,-0.259704015728603,1325,0.207234973397226,0.313464665642863,"ns","GCtS_higher"
"12DICHLORETHDEG-PWY",1018.09897338515,833.06530903263,-0.289376311526409,1322,0.215284944226015,0.323826935604591,"ns","GCtS_higher"
"ARGSYNBSUB-PWY",16860.8330320027,13573.3860020961,-0.312895157530642,1322,0.215284944226015,0.323826935604591,"ns","GCtS_higher"
"PWY-5679",2.93144071674601,3.66753202760758,0.323199683488024,1041,0.220148241932592,0.330222362898887,"ns","EtS_higher"
"PWY-6383",8776.23748867218,6456.03738212581,-0.442953633985758,1318,0.226361903059362,0.338602292664974,"ns","GCtS_higher"
"GLUCOSE1PMETAB-PWY",18350.2702083333,15086.6710416667,-0.282526804704484,1317,0.229192982554394,0.341890084473405,"ns","GCtS_higher"
"PWY-7117",9336.88445968603,12231.9783832628,0.389644626717491,990,0.237835678222117,0.353805141156869,"ns","EtS_higher"
"PWY-6148",1.13133632165686,0,-30.0753807301756,1224,0.242105263157895,0.356231177398537,"ns","GCtS_higher"
"PWY-6629",1.89265439542565,0,-30.8177638492419,1224,0.242105263157895,0.356231177398537,"ns","GCtS_higher"
"PWY-6944",2.27422150073081,0,-31.0827256288347,1224,0.242105263157895,0.356231177398537,"ns","GCtS_higher"
"TRPSYN-PWY",0.874446978285219,0,-29.703795670357,1224,0.242105263157895,0.356231177398537,"ns","GCtS_higher"
"PWY-6122",23737.191949387,19141.6936679281,-0.31043079189992,1311,0.246703805524165,0.361029959303656,"ns","GCtS_higher"
"PWY-6277",23737.191949387,19141.6936679281,-0.31043079189992,1311,0.246703805524165,0.361029959303656,"ns","GCtS_higher"
"P261-PWY",92.7152915388713,68.5814418155421,-0.434989067296524,1309,0.250184677053457,0.364344425782416,"ns","GCtS_higher"
"PWY-822",180.838333333333,218.0375,0.269875757206935,994.5,0.250318114750512,0.364344425782416,"ns","EtS_higher"
"PWY-5873",1142.0689735556,1578.87344327172,0.467245751915968,1258,0.254124684087534,0.368890670449647,"ns","EtS_higher"
"PWY-2942",18832.6326920263,15814.900008542,-0.251950260103652,1308,0.255798819301706,0.369335193644174,"ns","GCtS_higher"
"PWY-6121",21938.9346782482,18061.8268593306,-0.280549651077789,1308,0.255798819301706,0.369335193644174,"ns","GCtS_higher"
"ILEUSYN-PWY",20529.7246082359,17442.0870305924,-0.235141598915004,1307,0.258881135146788,0.372788834611375,"ns","GCtS_higher"
"PWY-6873",6.96740244973753,1.16174225649607,-2.58433086862517,1242,0.266225951850501,0.382345781912954,"ns","GCtS_higher"
"PWY-724",16762.8351274389,14351.7610055322,-0.224038404280805,1304,0.268280611932158,0.384274616560651,"ns","GCtS_higher"
"PWY-3001",19213.9346909843,16249.6965453475,-0.241740212150474,1302,0.274674409662082,0.392392013802974,"ns","GCtS_higher"
"PWY-6942",5.36041693505765,0.35221268409259,-3.92782644412382,1207.5,0.275754557721708,0.392895675909558,"ns","GCtS_higher"
"CALVIN-PWY",22668.2754612591,19232.5725933376,-0.237122885259178,1300,0.28117049351018,0.399558069724993,"ns","GCtS_higher"
"PWY-7947",264.885728973291,304.336313397302,0.200296367511757,1006,0.286880607509508,0.406602435840248,"ns","EtS_higher"
"PWY4LZ-257",21.8366253063392,6.95489875223894,-1.65064849756054,1235,0.295773689133279,0.418109403486834,"ns","GCtS_higher"
"PWY-5136",15345.5163905566,19299.5924718366,0.330753189399317,1009,0.297859514364579,0.419958584221599,"ns","EtS_higher"
"PWY-7953",18070.0457788186,15521.8028184104,-0.219304028481639,1294,0.301274406361806,0.423667133946289,"ns","GCtS_higher"
"PWY-7579",9.07028841896461,2.73227253857441,-1.73104702956558,1261.5,0.306805731834052,0.430324922572437,"ns","GCtS_higher"
"PWY-7787",113.326721576207,70.9078969149116,-0.676469865258241,1287.5,0.319290401939537,0.446675691832513,"ns","GCtS_higher"
"PWY-5675",155.921836579579,117.283780304094,-0.410819478646959,1287.5,0.323140178598031,0.450893272462369,"ns","GCtS_higher"
"PWY-5181",209.313422172549,139.384338936938,-0.58659635626022,1285,0.324709227352665,0.451914904047523,"ns","GCtS_higher"
"PWY-6501",979.147383620125,776.043604507701,-0.335388316948429,1286,0.32951996168965,0.456258408493362,"ns","GCtS_higher"
"PWY-6609",16905.298670501,14119.7570535114,-0.259760239328724,1286,0.32951996168965,0.456258408493362,"ns","GCtS_higher"
"NONMEVIPP-PWY",16486.2036121679,14332.8501299237,-0.201933695699331,1285,0.333166429351991,0.45895375471958,"ns","GCtS_higher"
"PWY-7560",16486.2036121679,14332.8501299237,-0.201933695699331,1285,0.333166429351991,0.45895375471958,"ns","GCtS_higher"
"PWY-5488",17.3253012258944,11.2593980876903,-0.62175073097608,1267,0.335235741341968,0.460629262912628,"ns","GCtS_higher"
"PWY-5121",17160.3042865615,14799.9891975373,-0.213479012100268,1283,0.340536434676215,0.465543480316851,"ns","GCtS_higher"
"PWY-7357",20596.0058622713,17230.3255809366,-0.257414623174478,1283,0.340536434676215,0.465543480316851,"ns","GCtS_higher"
"PWY-7209",4.86926820867315,1.34732726073772,-1.8536046498639,1225,0.34919181406079,0.476170655537441,"ns","GCtS_higher"
"HISDEG-PWY",5851.75483401231,9182.37472508277,0.649997981060098,1024,0.351783817537233,0.478496880277345,"ns","EtS_higher"
"PWY-6920",29.3677355646442,27.0881491354372,-0.116570207959763,1026,0.353864815896771,0.480118091920242,"ns","GCtS_higher"
"PWY-6263",1102.15708205864,1225.7046467974,0.153281525482217,1025,0.35558414512584,0.481241700170309,"ns","EtS_higher"
"PWY-4722",517.328297986599,422.073320042533,-0.293586472455493,1278,0.358307942961936,0.483715722998613,"ns","GCtS_higher"
"PWY-5182",127.833402708326,90.5174957338333,-0.497996283427959,1275,0.362654470410908,0.487147796074354,"ns","GCtS_higher"
"TOLUENE-DEG-3-OH-PWY",86.8828678182498,59.2573930579776,-0.552076565763525,1275,0.362654470410908,0.487147796074354,"ns","GCtS_higher"
"PWY-4041",2.49104985452284,0.415835398204194,-2.58266941359392,1200.5,0.367062818336163,0.490628519558237,"ns","GCtS_higher"
"PWY-7106",1.95226997863419,0.0553235908141962,-5.14111394225165,1200.5,0.367062818336163,0.490628519558237,"ns","GCtS_higher"
"ARO-PWY",18810.7603223171,16240.286953007,-0.211981039085486,1275,0.371040596357977,0.494720795143969,"ns","GCtS_higher"
"PWY-1422",15.3241479098503,5.1182907862254,-1.58207283688796,1256,0.37509250641279,0.497665733324095,"ns","GCtS_higher"
"PWY-7436",10.2791403652919,3.41752594499417,-1.58869542252189,1256,0.37509250641279,0.497665733324095,"ns","GCtS_higher"
"COMPLETE-ARO-PWY",20151.8060005079,17545.8881402582,-0.199776162434784,1272,0.38289970596131,0.501858837910455,"ns","GCtS_higher"
"PWY-5179",21.4709307024346,17.8779371340026,-0.264204450049628,1245,0.379535446560596,0.501858837910455,"ns","GCtS_higher"
"PWY-5667",18629.9439180706,16363.5459009973,-0.187137924153179,1272,0.38289970596131,0.501858837910455,"ns","GCtS_higher"
"PWY-6163",19468.9719255644,16822.0565437893,-0.210822613511855,1272,0.38289970596131,0.501858837910455,"ns","GCtS_higher"
"PWY0-1319",18629.9439180706,16363.5459009973,-0.187137924153179,1272,0.38289970596131,0.501858837910455,"ns","GCtS_higher"
"PWY-5209",197.725877450857,198.221858297223,0.00361436329636721,1034,0.390898177690121,0.511101733541562,"ns","EtS_higher"
"ARGININE-SYN4-PWY",11006.0959458292,14045.6268686271,0.351818204090885,1035,0.39498602565377,0.513957720127798,"ns","EtS_higher"
"PWY-622",13055.625083444,15238.1229207041,0.223013664775807,1035,0.39498602565377,0.513957720127798,"ns","EtS_higher"
"PWY-6385",18014.872171294,15854.3254156693,-0.184311921183326,1268,0.399065026075447,0.518017101155628,"ns","GCtS_higher"
"GLYCOLYSIS",18453.6292121341,15959.171085395,-0.209518853733808,1266,0.407297987792474,0.523668841447467,"ns","GCtS_higher"
"P461-PWY",2895.6567384496,2398.51040075155,-0.271751894738838,1266,0.407297987792474,0.523668841447467,"ns","GCtS_higher"
"PHOSLIPSYN-PWY",18612.880878814,16177.9799559243,-0.202269892617661,1266,0.407297987792474,0.523668841447467,"ns","GCtS_higher"
"PWY0-1586",29733.8674896742,25042.3543949514,-0.247736921252199,1266,0.407297987792474,0.523668841447467,"ns","GCtS_higher"
"PWY-6486",345.688210311792,256.148960940216,-0.43248836179809,1264.5,0.412477967824542,0.529069127375898,"ns","GCtS_higher"
"PWY-I9",7481.03651504033,10198.8562552642,0.447097293247383,1040,0.415630434918794,0.531849371697035,"ns","EtS_higher"
"PEPTIDOGLYCANSYN-PWY",17656.5306761407,15644.5025947598,-0.174546106425747,1263,0.419833780721893,0.535958017942843,"ns","GCtS_higher"
"ORNDEG-PWY",530.776938124915,500.317899715312,-0.0852606199125723,1262,0.424028527870199,0.538807896057243,"ns","GCtS_higher"
"PWY-6612",15209.149831147,13155.4859767225,-0.209274966732996,1262,0.424061770045053,0.538807896057243,"ns","GCtS_higher"
"PWY-5103",18638.1951791563,16385.8950309718,-0.185807686086137,1261,0.428314320595634,0.542933645825451,"ns","GCtS_higher"
"GLYOXYLATE-BYPASS",9758.39346178056,12052.9580449976,0.304671697579064,1045,0.436892760928209,0.552510751525136,"ns","EtS_higher"
"HEME-BIOSYNTHESIS-II",8855.23548529861,11238.3182879226,0.343823587656904,1050,0.458762333838216,0.578812290356628,"ns","EtS_higher"
"PWY66-201",7.23123081636943,2.81925408118354,-1.35892772204262,1227,0.460718179089429,0.579924980672009,"ns","GCtS_higher"
"PWY-6387",17581.7654669457,15789.9713176829,-0.155071394922507,1253,0.463208044433507,0.580353466343605,"ns","GCtS_higher"
"PWY-6628",18010.5253023474,16034.3726027242,-0.16767235537,1253,0.463208044433507,0.580353466343605,"ns","GCtS_higher"
"PWY-3801",16.2198142437538,1.88383684948354,-3.10601136637578,1181,0.467557230545345,0.584446538181682,"ns","GCtS_higher"
"PWY-7992",1349.29669335349,1145.04022176527,-0.236809336960567,1250,0.476686818238933,0.594482406117838,"ns","GCtS_higher"
"PWY-6386",17134.7485623228,15350.3447355071,-0.158653965939001,1249,0.481226570196463,0.597384707830092,"ns","GCtS_higher"
"PWY-7371",613.418336036085,493.031260240945,-0.315192169272334,1249,0.481226570196463,0.597384707830092,"ns","GCtS_higher"
"SALVADEHYPOX-PWY",15846.3242258271,19306.8040845177,0.28496114414865,1056,0.485789534857635,0.601665937667713,"ns","EtS_higher"
"PWY-5183",1.78883607775447,1.69842062565406,-0.0748273936481301,1200,0.487900893673388,0.60289812948199,"ns","GCtS_higher"
"4-HYDROXYMANDELATE-DEGRADATION-PWY",1.20962754523611,0,-30.1719157527962,1200,0.494736842105263,0.603065225139599,"ns","GCtS_higher"
"ECASYN-PWY",0.0669976161296353,0,-25.9976064490895,1200,0.494736842105263,0.603065225139599,"ns","GCtS_higher"
"PWY-5940",0.353840592896763,0,-28.3985243279132,1200,0.494736842105263,0.603065225139599,"ns","GCtS_higher"
"PWY-6160",0.241219218569096,0,-27.8457696202024,1200,0.494736842105263,0.603065225139599,"ns","GCtS_higher"
"PWY-6165",0.642331809848911,0,-29.2587435053606,1200,0.494736842105263,0.603065225139599,"ns","GCtS_higher"
"PWY-6823",14880.2698999361,13374.9461872998,-0.153867607448574,1247,0.490375587056201,0.603065225139599,"ns","GCtS_higher"
"NAD-BIOSYNTHESIS-II",62.9333368612104,33.517569857415,-0.908906887393182,1241.5,0.498618150095639,0.606276127211235,"ns","GCtS_higher"
"PWY-6630",17822.7924606242,15986.6079731575,-0.15685953354982,1245,0.499616438164814,0.606276127211235,"ns","GCtS_higher"
"HEMESYN2-PWY",2103.83335420062,1623.07414213052,-0.3742915286937,1243,0.508948061329023,0.616215141519445,"ns","GCtS_higher"
"PWY-6992",1064.62639686655,969.406857229006,-0.135173049955137,1242,0.513647567234568,0.62051383961223,"ns","GCtS_higher"
"COA-PWY",15107.8598299039,19720.9443892227,0.384429336923461,1063,0.518369345877947,0.624820193692168,"ns","EtS_higher"
"PWY-5484",17420.088656273,15653.692896286,-0.15424891968742,1238,0.532666839578028,0.640623815973575,"ns","GCtS_higher"
"PWY-6948",3040.9798769645,2014.07064955044,-0.59442197859867,1237,0.537476215571857,0.644971458686229,"ns","GCtS_higher"
"FOLSYN-PWY",15901.1327374982,14151.5742164654,-0.168166994487863,1235,0.547159339405805,0.655135350951518,"ns","GCtS_higher"
"PWY-6269",9663.92292531341,11204.8402348774,0.213441224613911,1072,0.561842492054985,0.671227755994893,"ns","EtS_higher"
"PWY-7159",1298.78355620483,1414.79132273206,0.123428251764854,1073,0.56677283695717,0.675623249352917,"ns","EtS_higher"
"PWY-561",7170.52165525745,6394.52083227438,-0.165241822681831,1228,0.581708632383051,0.691900135433585,"ns","GCtS_higher"
"PWY-7118",12103.1218299471,14285.0660479129,0.239128488299511,1077,0.586725512728063,0.696333575545393,"ns","EtS_higher"
"HISTSYN-PWY",16828.8385036574,15332.2616563969,-0.134365083751572,1226,0.591762161062893,0.699237564494447,"ns","GCtS_higher"
"PWY-6342",139.744000240319,83.9047215764533,-0.735962440873341,1226,0.590687050420194,0.699237564494447,"ns","GCtS_higher"
"PWY-7282",13029.8687392966,14745.0450639166,0.178407681069342,1079,0.596818387416169,0.703672334508147,"ns","EtS_higher"
"PWY-5367",1504.52445541786,1189.78762836272,-0.338603475206029,1224,0.601888729118555,0.707368553645113,"ns","GCtS_higher"
"PWY-7153",13.4462396724644,6.41130867844332,-1.06851199470396,1197,0.602573212364356,0.707368553645113,"ns","GCtS_higher"
"PWY-5918",11008.0115834332,12822.6417419315,0.220139625742467,1081,0.60698880042452,0.711006403967984,"ns","EtS_higher"
"PWY-5384",15276.5804668975,13951.4009312773,-0.130911646759272,1219,0.627555898108621,0.731922645742236,"ns","GCtS_higher"
"PWY-7094",18864.1957953661,20766.0373291395,0.138575343199357,1085,0.627555898108621,0.731922645742236,"ns","EtS_higher"
"PWY-5130",10218.5259800366,9348.75283009541,-0.128341282574776,1217,0.637949303216515,0.742440999433013,"ns","GCtS_higher"
"PENTOSE-P-PWY",15688.3633198214,14776.9710219261,-0.0863442750709524,1216,0.643172731576682,0.745307457191864,"ns","GCtS_higher"
"PWY-6147",16238.6992852172,15103.7427653944,-0.104529978506571,1216,0.643172731576682,0.745307457191864,"ns","GCtS_higher"
"SER-GLYSYN-PWY",18155.8928383272,17238.3876904697,-0.0748130329751887,1213,0.658947310992734,0.761951922775325,"ns","GCtS_higher"
"PWY-6581",14.0153179465839,17.8406488500297,0.348163612631992,1101.5,0.662983625062375,0.764981105841202,"ns","EtS_higher"
"PWY-7072",623.201696691373,398.426486683494,-0.645385602806343,1211,0.669543866241392,0.770183008487025,"ns","GCtS_higher"
"PWY-7413",128.944707442703,157.15233857897,0.285411182312859,1094,0.670344470349818,0.770183008487025,"ns","EtS_higher"
"POLYISOPRENSYN-PWY",16909.2741381165,15523.8241865166,-0.123330731489347,1208,0.685572465407074,0.782683152896025,"ns","GCtS_higher"
"PWY-5531",457.596960117545,500.815654480627,0.130202190575788,1096,0.685550910491434,0.782683152896025,"ns","EtS_higher"
"PWY-7345",16747.5951876163,15518.3546765882,-0.109978346856676,1208,0.685572465407074,0.782683152896025,"ns","GCtS_higher"
"PWY-6644",57.979692442574,20.7763776417242,-1.48060353798954,1201,0.690907113556317,0.787109369874285,"ns","GCtS_higher"
"PWY-5733",332.709166666667,122.379166666667,-1.44290363492718,1205.5,0.697444510692841,0.792884285840283,"ns","GCtS_higher"
"PWY-6123",15527.0364344438,14450.3800850336,-0.103675056118622,1205,0.701737879835122,0.79442024132278,"ns","GCtS_higher"
"THISYNARA-PWY",12524.0669441642,14019.1279043639,0.162693480448818,1099,0.701737879835122,0.79442024132278,"ns","EtS_higher"
"PWY-6124",15703.5070539106,14659.3517948213,-0.0992654792421556,1202,0.718038120877585,0.811172772539531,"ns","GCtS_higher"
"P341-PWY",37.9914943256989,32.9076661598186,-0.207252745965915,1107,0.724524199171788,0.815089724068262,"ns","GCtS_higher"
"PWY-7238",14433.5535476256,13070.8792947262,-0.143070339419584,1201,0.723500345205909,0.815089724068262,"ns","GCtS_higher"
"COBALSYN-PWY",10408.4652483783,11493.7208753964,0.143088563224132,1104,0.728976556613689,0.818393639441564,"ns","EtS_higher"
"UDPNAGSYN-PWY",15848.622660316,14900.4636075716,-0.0890002481511978,1199,0.734466500988676,0.822846287414699,"ns","GCtS_higher"
"P164-PWY",4144.57771353841,4027.02488258752,-0.0415107280183811,1107,0.745482984971123,0.828318402128164,"ns","GCtS_higher"
"P181-PWY",2.57481232951163,4.4423731286433,0.786863291817377,1148.5,0.74184592996138,0.828318402128164,"ns","EtS_higher"
"PWY-6857",0.686158084932137,0.746552753497776,0.121703209398095,1176,0.7446519524618,0.828318402128164,"ns","EtS_higher"
"PWY-7851",15040.9204238798,16313.7459437759,0.117195235144964,1107,0.745486561915348,0.828318402128164,"ns","EtS_higher"
"PWY-5818",0.854374251626614,0.441656818324094,-0.951942383363303,1176,0.747368421052631,0.828704204041932,"ns","GCtS_higher"
"AEROBACTINSYN-PWY",165.988638052802,154.368906752417,-0.104702300478718,1196,0.75099870262029,0.829342998853086,"ns","GCtS_higher"
"PWY-6531",3125.66982894525,2790.4387373307,-0.163673418388157,1196,0.751016160072517,0.829342998853086,"ns","GCtS_higher"
"ANAGLYCOLYSIS-PWY",17311.649888882,16076.6584427604,-0.106775656104082,1195,0.756558454479633,0.833758296773473,"ns","GCtS_higher"
"PWY-6919",56.7157351981054,17.2915824645878,-1.71367914618314,1186,0.772956687654309,0.850094931432437,"ns","GCtS_higher"
"PWY-5695",19594.2981973078,20677.8187904769,0.0776501089881072,1114,0.784451062856754,0.860982873867169,"ns","EtS_higher"
"GLUCONEO-PWY",15361.4897992298,14821.2307042645,-0.051652890273414,1189,0.790063924825769,0.865384420701654,"ns","GCtS_higher"
"PWY-7228",17066.3255177348,16460.3127833735,-0.0521607203965928,1188,0.795687596393157,0.868022832428899,"ns","GCtS_higher"
"PWY-841",16856.6223623235,16194.2728092363,-0.0578317993766285,1188,0.795687596393157,0.868022832428899,"ns","GCtS_higher"
"PWY0-162",13852.3522477095,15016.407345575,0.116408712352333,1118,0.806966260979856,0.878551977679682,"ns","EtS_higher"
"ANAEROFRUCAT-PWY",14073.2773323376,14422.8008359685,0.0353930188243441,1119,0.812620696344928,0.879389130313149,"ns","EtS_higher"
"PWY-5067",75.5767003798093,20.7557086832821,-1.86443334078721,1129.5,0.811618714594628,0.879389130313149,"ns","GCtS_higher"
"PWY-7234",12668.6214549145,13732.8448076639,0.116370970726146,1119,0.812620696344928,0.879389130313149,"ns","EtS_higher"
"PWY-6125",16387.6635341457,15848.9820719652,-0.0482199935393014,1182,0.829641036722395,0.896012319660187,"ns","GCtS_higher"
"HSERMETANA-PWY",15700.0692026303,15449.2317422876,-0.0232358204981265,1180,0.84103261481652,0.902897836979962,"ns","GCtS_higher"
"PWY-702",13818.0841561823,14448.6964208952,0.0643817334550424,1180,0.84103261481652,0.902897836979962,"ns","EtS_higher"
"TRNA-CHARGING-PWY",13265.014472959,13654.4824084025,0.0417483781978073,1124,0.84103261481652,0.902897836979962,"ns","EtS_higher"
"DHGLUCONATE-PYR-CAT-PWY",1.65120887774671,6.85544597006449,2.05372788804679,1143.5,0.845402466484938,0.905788356948148,"ns","EtS_higher"
"RIBOSYN2-PWY",13462.258512662,13231.7168879011,-0.0249201944300625,1176,0.863912653609099,0.92378778801765,"ns","GCtS_higher"
"FERMENTATION-PWY",14233.1134995633,14031.2258104965,-0.0206102338504576,1175,0.869651150122081,0.928086207640165,"ns","GCtS_higher"
"PWY-7446",0.806490091257891,1.64437359467251,1.02780939622808,1151,0.8723259762309,0.929104590068414,"ns","EtS_higher"
"PWY-5189",13167.480361919,13760.4509831293,0.063548445656779,1130,0.875396454870758,0.930539538642144,"ns","EtS_higher"
"PWY-6662",8.56188004397617,20.676189711687,1.27197081667588,1133.5,0.885743568105517,0.939688657715087,"ns","EtS_higher"
"PWY-3841",15764.2512903896,16133.40734759,0.0333945132753617,1171,0.892670262174178,0.945180277596188,"ns","EtS_higher"
"BRANCHED-CHAIN-AA-SYN-PWY",16728.4995974384,16000.9994297517,-0.0641460345198747,1169,0.90421473804024,0.946271237483972,"ns","GCtS_higher"
"PWY-5686",17389.0206270523,17035.830955914,-0.0296043609965556,1169,0.90421473804024,0.946271237483972,"ns","GCtS_higher"
"PWY-6313",8258.23665284058,8142.79119815623,-0.0203103533816678,1134,0.898439838646117,0.946271237483972,"ns","GCtS_higher"
"PWY-7663",13964.1340496965,14433.4096011,0.0476860362912663,1135,0.90421473804024,0.946271237483972,"ns","EtS_higher"
"PWY-7790",17389.0206270523,17035.830955914,-0.0296043609965556,1169,0.90421473804024,0.946271237483972,"ns","GCtS_higher"
"PWY-7791",17389.0206270523,17035.830955914,-0.0296043609965556,1169,0.90421473804024,0.946271237483972,"ns","GCtS_higher"
"PANTOSYN-PWY",13130.5953580506,14169.0478420867,0.109810481261402,1137,0.915779305913264,0.956519971360082,"ns","EtS_higher"
"PANTO-PWY",12874.0236190821,12853.1640775122,-0.00233946781338923,1166,0.921568372646347,0.96070834214098,"ns","GCtS_higher"
"GLYCOGENSYNTH-PWY",16971.8787339216,16836.8165964764,-0.011526887422102,1164,0.933158562113712,0.967189296624577,"ns","GCtS_higher"
"PWY-5973",14005.8331280243,14323.1688625303,0.0323229064781384,1140,0.933158562113712,0.967189296624577,"ns","EtS_higher"
"PWY-7208",14242.9313902503,14805.2059588055,0.0558584570825608,1140,0.933158562113712,0.967189296624577,"ns","EtS_higher"
"PWY-6151",11096.2478049502,11322.3776258858,0.0291050347273105,1163,0.938959079116215,0.971336978396084,"ns","EtS_higher"
"PWY-6700",9118.56290115025,9792.18751854253,0.102824714176148,1161,0.950569439154678,0.981467489758176,"ns","EtS_higher"
"COA-PWY-1",15513.8235471985,15873.7283209033,0.0330867212881633,1144,0.956378673316949,0.983703778268862,"ns","EtS_higher"
"PWY-7913",911.294051665454,958.357963327945,0.0726479777096641,1160,0.956378673316949,0.983703778268862,"ns","EtS_higher"
"1CMET2-PWY",14519.6282931804,14412.290964247,-0.0107048371911499,1158,0.9680037246309,0.991882374384604,"ns","GCtS_higher"
"PWY66-373",59.8131488690957,53.2649853372019,-0.16727520648903,1146,0.966439333613411,0.991882374384604,"ns","GCtS_higher"
"PWY-5188",14228.1995856393,14588.3317212787,0.0360617933102555,1147,0.973818930618277,0.995951179041419,"ns","EtS_higher"
"M-CRESOL-DEGRADATION-PWY",0.0374972471772097,0.061971156001973,0.724812179726904,1175,1,1,"ns","EtS_higher"
"PWY-5109",0,0.515712809276786,28.9419926415436,1128,1,1,"ns","EtS_higher"
"PWY-5427",0,0.0309832192743977,24.8849837641963,1128,1,1,"ns","EtS_higher"
"PWY-6328",0.774787759320673,0,-29.5292259223016,1176,1,1,"ns","GCtS_higher"
"PWY-6956",0,0.0618736245586277,25.8828212370705,1128,1,1,"ns","EtS_higher"
"PWY-7128",1.94398467446359,1.08813307679098,-0.83716183833616,1152.5,0.999999999999999,1,"ns","GCtS_higher"
"PWY-7198",0.361525852288086,0,-28.4295235793786,1176,1,1,"ns","GCtS_higher"
"PWY-7220",16170.161902191,16379.7035361572,0.0185751214800537,1151,0.997090481365711,1,"ns","EtS_higher"
"PWY-7222",16170.161902191,16379.7035361572,0.0185751214800537,1151,0.997090481365711,1,"ns","EtS_higher"
"PWY-8055",0.0150987754077226,0,-23.8479283036932,1176,1,1,"ns","GCtS_higher"
"PWY-8181",0,0.138452554374259,27.0448164404076,1128,1,1,"ns","EtS_higher"
"PWY66-374",0.140522875816993,0,-27.0662297762623,1176,1,1,"ns","GCtS_higher"
