"sample_id","topology","[Eubacterium]_coprostanoligenes_group","Anaerovoracaceae","Anaplasmataceae","Arcobacteraceae","Beijerinckiaceae","Brevibacteriaceae","Caulobacteraceae","Christensenellaceae","Clostridiaceae","Corynebacteriaceae","d__Bacteria;p__Patescibacteria;c__Saccharimonadia;o__Saccharimonadales;__","Deinococcaceae","Dermabacteraceae","Devosiaceae","Dietziaceae","Eggerthellaceae","F082","Gemmataceae","Hungateiclostridiaceae","Ilumatobacteraceae","IMCC26256","Intrasporangiaceae","JG30-KF-CM45","KD4-96","Lachnospiraceae","Methyloligellaceae","Microbacteriaceae","Micrococcaceae","Micromonosporaceae","Mycobacteriaceae","Nakamurellaceae","Nocardiaceae","Nocardioidaceae","Oscillospiraceae","Peptostreptococcaceae","Peptostreptococcales-Tissierellales","Pseudonocardiaceae","Rhizobiaceae","Rhodobacteraceae","Ruminococcaceae","Saccharimonadaceae","Sphingomonadaceae","Streptomycetaceae","UCG-010","uncultured","Xanthobacteraceae"
"1","Environment",0.00611620795107034,0,0,0,0.0229357798165138,0,0.0122324159021407,0.00917431192660551,0.0305810397553517,0.642201834862385,0,0.0382262996941896,0,0.0229357798165138,0,0,0,0,0,0,0,0,0,0,0.0198776758409786,0,0,0.0397553516819572,0,0.00764525993883792,0,0,0,0.0107033639143731,0,0,0,0,0.0259938837920489,0.0122324159021407,0,0.0871559633027523,0,0,0.00458715596330275,0
"10-1","Forehead",0.00161030595813205,0.00151915656427551,0.0421717862242883,0.00133685777656245,0.00820344544708778,0.00264333242183939,0.00817306231580227,0.00288639747212348,0.0510132774283718,0.497645307325373,0.00151915656427551,0.0960714611247835,0.0020660529274147,0.00467900221796858,0.013338194634339,0.00127609151399143,0.00127609151399143,0.000212681918998572,0.00322061191626409,0.000607662625710206,0,0.0129735970589129,0.00437517090511348,0,0.0146750524109015,0,0.0194452040227266,0.053292012274785,0.00303831312855103,0.00282563120955246,0.000516513231853675,0.00492206726825267,0.0114848236259229,0.0050132166621092,0.00331176131012062,0.00598547686324553,0.00303831312855103,0.0114240573633519,0.0215112569501413,0.00282563120955246,0.0123051681706317,0.036854738249324,0.000455746969282654,0.000516513231853675,0.00191413727098715,0.00224835171512776
"10-2","Muzzle",0.0017200754005655,0.0030631479736098,0,0,0.00235626767200754,0.00405278039585297,0.00556079170593779,0.00678605089538172,0.0447690857681433,0.608788878416588,0.00157869934024505,0.0194863336475024,0.00353440150801131,0.00442978322337418,0.0199104618284637,0.00334590009425071,9.42507068803016e-05,0,0.00537229029217719,0,0,0.019698397737983,0.00815268614514609,0,0.0196512723845429,0,0.00888312912346843,0.0237983034872762,0.00207351555136664,0.000353440150801131,0,0.00164938737040528,0.0125824693685203,0.00409990574929312,0.00266258246936852,0.0173892554194156,0.0317389255419416,0.00591423185673893,0.0232563619227144,0.00240339302544769,0.0236098020735156,0.013124410933082,0.0235862393967955,0,0.000329877474081056,0.000212064090480679
"10-3","Neck",0.000384319754035357,0,0.00278631821675634,0,0.0243722777350756,0,0.0102165001281066,0.000320266461696131,0.0227068921342557,0.132878554957725,0,0.471272098385857,0,0.00358698437099667,0.00246605175506021,0,0,0.00131309249295414,0.000544452984883423,0.00240199846272098,0.000416346400204971,0.00400333077120164,0.00211375864719447,0.000960799385088393,0.00275429157058673,0.00227389187804253,0.025909556751217,0.0435562387906738,0.00534844991032539,0.0150525236997182,0.00582884960286959,0.020112733794517,0.0144440174224955,0.000736612861901102,0.00211375864719447,0.000960799385088393,0.0153087368690751,0.0237957981040225,0.00220983858570331,0,0.00131309249295414,0.0925570074301819,0.00301050473994363,0,0.000608506277222649,0.00883935434281322
"10-4","Pectoral area",0.00083073727933541,0.00186915887850467,0.00207684319833853,0.00083073727933541,0.0199376947040498,0,0.0105919003115265,0.00581516095534787,0.081619937694704,0.446728971962617,0.00353063343717549,0.0951194184839045,0,0,0.00685358255451713,0.00166147455867082,0.00145379023883697,0.00207684319833853,0.00415368639667705,0.00353063343717549,0,0.00581516095534787,0.00083073727933541,0,0.0278296988577362,0,0.032398753894081,0.0425752855659398,0,0.00415368639667705,0.00186915887850467,0.0122533748701973,0.0103842159916926,0.00934579439252336,0.00602284527518172,0.00228452751817238,0.00186915887850467,0.0259605399792316,0.0145379023883697,0.0043613707165109,0.00498442367601246,0.07601246105919,0.00103842159916926,0.00103842159916926,0,0
"10-5","Dorsum",0,0,0,0,0.00108252566769845,0,0.0002875458804824,0,0.00152230172020094,0.00630909490705502,0,0.930836758512204,0.00196207777270344,0,0.000186059099135671,0,0,0,0,0,0,0,0.00010148678134673,0,0,0,0.00152230172020094,0.0430642242181289,0.000202973562693459,0.000693493005869319,0,0.000169144635577883,0.00038903266182913,3.38289271155765e-05,8.45723177889413e-05,0,8.45723177889413e-05,0.000794979787216048,0.000896466568562778,0,0,0.00718864701206001,0.00038903266182913,0,3.38289271155765e-05,0
"10-6","Ventral abdomen",0.00596860607199925,0.00676755334147946,0.00216185731741705,0.000187987592818874,0.046244947833443,0.00145690384434627,0.0302660024438387,0.00874142306607764,0.0683804868878654,0.0636338001691888,0.00202086662280289,0.00545164019174734,0,0.0154149826111477,0.00371275495817276,0.00404173324560579,0.00314879217971614,0.00390074255099163,0.0030547983833067,0.0153209888147382,0.00578061847918037,0.00963436413196729,0.00596860607199925,0.00535764639533791,0.0645267412350785,0.00328978287433029,0.0448350408873014,0.0113732493655419,0.0131591314973212,0.0268352288748943,0.014193063257825,0.0242973963718395,0.0515555973305762,0.0166369019644703,0.00606259986840869,0.00108092865870853,0.00549863708995206,0.063774790863803,0.00446470532944826,0.0149450136291005,0.0017858821317793,0.135962026506251,0.00822445718582574,0,0.0119842090422032,0.04591596954601
"10-7","Udder",0.00231481481481481,0.00173611111111111,0.00173611111111111,0,0.0211226851851852,0,0.00925925925925926,0.0130208333333333,0.0703125,0.454861111111111,0,0.0384837962962963,0,0.00896990740740741,0.0138888888888889,0,0,0.00144675925925926,0.00954861111111111,0,0,0.0147569444444444,0.00289351851851852,0,0.0497685185185185,0,0.0341435185185185,0.00578703703703704,0,0.00144675925925926,0,0.00896990740740741,0.025462962962963,0.0118634259259259,0.00462962962962963,0.0124421296296296,0.0078125,0.0202546296296296,0.0147569444444444,0.0112847222222222,0.00462962962962963,0.0798611111111111,0,0.00173611111111111,0.00144675925925926,0.00462962962962963
"10-8","Left front pastern",0.00153755007617221,0.00489476950854821,0.00166450375218642,0.000719404164080573,0.00297635840433335,0.00125543079614061,0.0103255656491565,0.00722225356880889,0.0494696157535406,0.573435648592225,0.00620662416069514,0.000493708740055295,0.00104384133611691,0.00880212153698584,0.0199881509902387,0.00282119280031597,0.000141059640015799,0.000155165604017379,0.0126107318174124,0.000409072956045816,0.000112847712012639,0.0147971562376573,0.00631947187270778,0,0.0167719911978785,0.000225695424025278,0.0146137787056367,0.0190007335101281,0.000451390848050556,0.000536026632060035,0,0.000648874344072674,0.0187609321221012,0.00242622580827174,0.00373808046041866,0.0471421316932799,0.000169271568018958,0.010678214749196,0.0379309372002483,0.0025954973762907,0.0434322631608644,0.0224143767985104,0,5.64238560063195e-05,0.00104384133611691,0.000775828020086893
"11-1","Forehead",0,0,0,0,0,0,0,0,0.0513611615245009,0.588203266787659,0,0.225771324863884,0,0,0.0132486388384755,0,0,0,0.000907441016333938,0,0,0,0,0,0,0,0.00744101633393829,0.0533575317604356,0,0,0,0,0.0128856624319419,0,0.00381125226860254,0.00217785843920145,0,0,0.0215970961887477,0,0.00617059891107078,0.011070780399274,0,0,0,0
"11-2","Muzzle",0.00785677485832045,0.00257599175682638,0,0,0.00154559505409583,0.0271767130345183,0.0020607934054611,0.00515198351365276,0.0804997424008243,0.61231324059763,0.000772797527047913,0.00837197320968573,0.0179031427099433,0.00515198351365276,0.0095311695002576,0,0,0,0,0,0,0.0195775373518805,0.00373518804739825,0,0.0390262751159196,0,0.0171303451828954,0.04198866563627,0,0,0,0,0.00901597114889232,0.0321998969603297,0.00437918598660484,0.00244719216898506,0.000515198351365276,0,0.0100463678516229,0.00347758887171561,0.0136527563111798,0.0068263781555899,0.000128799587841319,0.00180319422977846,0,0
"11-3","Neck",0,0.00227963525835866,0.00598404255319149,0,0.015862462006079,0.00579407294832827,0.00712386018237082,0.00237462006079027,0.0538563829787234,0.335106382978723,0,0.209821428571429,0.0077887537993921,0.00360942249240122,0.0069338905775076,0.001709726443769,0.000569908814589666,0.000284954407294833,0.00161474164133739,0.000759878419452888,0.000474924012158055,0.0103533434650456,0.00246960486322188,0,0.0110182370820669,0.00113981762917933,0.0282104863221884,0.112841945288754,0.00408434650455927,0.00750379939209726,0.000664893617021277,0.00873860182370821,0.0147226443768997,0.00455927051671732,0.00655395136778116,0.00379939209726444,0.000189969604863222,0.0151975683890578,0.0151025835866261,0.0025645896656535,0.0025645896656535,0.0503419452887538,0.00341945288753799,0.000189969604863222,0.000284954407294833,0.00550911854103343
"11-4","Pectoral area",0.00214689265536723,0.00508474576271186,0,0.0072316384180791,0,0.0023728813559322,0.00926553672316384,0.00474576271186441,0.0796610169491525,0.508135593220339,0,0.0780790960451977,0,0.00395480225988701,0.011864406779661,0.00293785310734463,0.00271186440677966,0.000677966101694915,0.00203389830508475,0.000564971751412429,0,0.0111864406779661,0.0072316384180791,0,0.0436158192090395,0,0.0188700564971751,0.0618079096045198,0.00271186440677966,0.0015819209039548,0.00112994350282486,0,0.0166101694915254,0.0111864406779661,0.00429378531073446,0,0.00451977401129944,0.0072316384180791,0.0230508474576271,0.00610169491525424,0.0109604519774011,0.0206779661016949,0.00384180790960452,0.00101694915254237,0.000338983050847458,0.00293785310734463
"11-5","Dorsum",0,0,0,0,0.000464861908668307,0,0.000464861908668307,0,0.000847689362865737,0.00749248017500684,0.000136724090784796,0.950751982499316,0,0.000273448181569593,0.000410172272354389,0,0,0,0,0,0,0.000792999726551818,0,0,0.000164068908941756,0,0.001339896089691,0.0307629204265792,0,0,0,0.000519551544982226,0.00035548263604047,0,0,0,0,0.000191413727098715,0.000273448181569593,0,0,0.00188679245283019,0,0,0,0
"11-6","Ventral abdomen",0.0297631671968894,0.0306115235065394,0,0,0.00982679392011311,0,0.0177447861435136,0.0502651113467656,0.127324142806645,0.0349240014139272,0,0.00339342523860021,0,0.00388829975256274,0.00402969247083775,0.0230470130788264,0.0107458465889007,0.000565570873100035,0.0129374337221633,0,0,0.000848356309650053,0.00141392718275009,0.000706963591375044,0.212796041003888,0.0016260162601626,0.0256627783669141,0.0496995404736656,0.00438317426652527,0.0114528101802757,0.00353481795687522,0.0132202191587133,0.0291975963237893,0.0895015906680806,0.00763520678685048,0,0,0.0205019441498763,0.0148462354188759,0.0207847295864263,0.00289855072463768,0.0468716861081654,0,0.0115942028985507,0.00692824319547543,0.00827147401908802
"11-7","Udder",0.0026123301985371,0.0071055381400209,0,0.00355276907001045,0.0101358411703239,0.00292580982236155,0.00961337513061651,0.00731452455590387,0.102194357366771,0.404597701149425,0,0.107419017763845,0,0.00522466039707419,0,0.00376175548589342,0,0.00135841170323929,0.00553814002089864,0.000522466039707419,0.00135841170323929,0.0102403343782654,0.00303030303030303,0.00167189132706374,0.0278996865203762,0.00229885057471264,0.0337513061650993,0.045141065830721,0.00177638453500522,0.00658307210031348,0,0.00125391849529781,0.0187042842215256,0.0178683385579937,0.00846394984326019,0.00721003134796238,0,0.0143155694879833,0.00909090909090909,0.00815047021943574,0.003239289446186,0.0433646812957158,0,0.00376175548589342,0.0026123301985371,0.0109717868338558
"11-8","Left front pastern",0,0.00573588841089819,0.00951636031808108,0.00677877721287968,0.00325902750619215,0.00404119410767827,0.00404119410767827,0,0.078086299048364,0.454569156563681,0.000391083300743058,0.00312866640594447,0,0.00247686090470604,0.00677877721287968,0.00221613870421066,0,0.00247686090470604,0.00586624951114587,0.0146004432277408,0.0056055273106505,0.0142093599269978,0.00143397210272455,0.0109503324208056,0.00756094381436579,0.013296832225264,0.0190327206361622,0.0612697171164125,0.00273758310520141,0.0144700821274932,0.0065180550123843,0.00351974970668752,0.013687915526007,0.00417155520792595,0.00299830530569678,0.0303741363577109,0.00169469430321992,0.00365011080693521,0.0302437752574632,0.000521444400990744,0.00782166601486117,0.0198148872376483,0,0,0.0226828314430974,0.0415851909790119
"12-1","Forehead",0.00109564816238659,0.00140319852375827,0.000134553283100108,0,0.00384437951714593,0.0048631400891896,0.00219129632477318,0.00213363063201599,0.0618945102260495,0.498250807319699,0.00132631093341535,0.209653236967553,0.00757342764877749,0.00255651237890205,0.0171651545440566,0.00119175765031524,0,7.68875903429187e-05,0.000941872981700754,0.000422881746886053,3.84437951714593e-05,0.0140512071351684,0.0038251576195602,0.000269106566200215,0.00955328310010764,0,0.0153967399661695,0.0530524373366139,0.00176841457788713,0.00169152698754421,0.000422881746886053,0.0020759649392588,0.00903429186529294,0.0015569737044441,0.0036906043364601,0.00178763647547286,0.00411348608334615,0.00457481162540366,0.012013685991081,0.000845763493772105,0.0116100261417807,0.0105143779793941,0.00172997078271567,0,3.84437951714593e-05,0.00130708903582962
"12-2","Muzzle",0.00078887114463279,0.00130837165451292,0,0.00055798202913051,0.00584919092605776,0.00713832182094549,0.00708059954206992,0.00286687318415331,0.026937063475266,0.461316452773555,0.00486791218517307,0.00937024993746753,0.00473322686779674,0.0129682719873781,0.0185096107594328,0.00109672329863583,0,7.696303850076e-05,0.0117176226117407,0.0003848151925038,0,0.0164316087199123,0.00440613395416851,0,0.00752313701344929,0,0.047697843110846,0.0940295922883035,0,0.00053874126950532,0.00092355646200912,0.00182787216439305,0.0171050353067939,0.00157774228926558,0.00242433571277394,0.00896619398533854,0.00227040963577242,0.0198564639331961,0.0775787428087661,0.00021164835587709,0.0449464144844438,0.018124795566929,0.00321320685740673,0,0.00109672329863583,0
"12-3","Neck",0.000406366407043684,0,0,0,0.0121232644768033,0,0.00392820860142228,0,0.170944801896377,0.152726041313918,0.000338638672536404,0.460684050118524,0,0.000338638672536404,0.00447003047748053,0.000406366407043684,0,0,0.00325093125634947,0.00277683711479851,0,0.00203183203521842,0.00121909922113105,0,0.00223501523874026,0.00135455469014561,0.0133423636979343,0.0444293938367762,0.00203183203521842,0.00447003047748053,0,0.00697595665424992,0.00975279376904842,0.000609549610565527,0.0109718929901795,0,0.00155773789366746,0.0105655265831358,0.00345411445987132,0,0.00094818828310193,0.056214019641043,0.00101591601760921,0,0.000135455469014561,0.00419911953945141
"12-4","Pectoral area",0.00208035366012222,0,0,0.00858145884800416,0.00208035366012222,0,0.00429072942400208,0.00182030945260694,0.0512287088805097,0.445065661162398,0.000390066311272916,0.242881289819269,0,0.000390066311272916,0.00546092835782083,0.00312053049018333,0.000780132622545833,0,0,0.00117019893381875,0,0.0104017683006111,0.0016902873488493,0,0.00988167988558055,0,0.0213236250162528,0.0873748537251333,0,0.00377064100897153,0,0.00507086204654791,0.00715121570667013,0.00520088415030555,0.00390066311272916,0.00260044207515278,0,0.0104017683006111,0.0192432713561305,0.00286048628266805,0.00377064100897153,0.0161227408659472,0.00273046417891041,0.000390066311272916,0.000260044207515278,0.00182030945260694
"12-5","Dorsum",0,0,0,0,0.000453603479405513,0,0.000240143018508801,0,0.0012096092784147,0.00615477662252186,0,0.950272606796937,0.000524756966371083,0,0.000213460460896712,0,0,0,0,0,0,0.000106730230448356,5.3365115224178e-05,0,0.000213460460896712,4.44709293534816e-05,0.000747111613138491,0.0320546458779896,0.00026682557612089,0.000684852312043617,0,0.000791582542491973,0,0,9.78360445776596e-05,0,8.00476728362669e-05,0.000889418587069633,0.000106730230448356,0,2.6682557612089e-05,0.00212571042309642,0,0,1.77883717413927e-05,0.000151201159801838
"12-6","Ventral abdomen",0.0183441395074685,0.0211547032015986,0,0.00048160554349545,0.000452852973734528,0,0.000912894089909286,0.0375652323926451,0.0991244842507799,0.435500797883811,0.000733190528903521,0.000208456130766687,0.00011501027904369,0.00102790436895298,0.0134562026481117,0.00621055506835923,0.000395347834212683,0,0.0115729093287713,0,0,0.00564987995802125,0.00229301743843356,0,0.177906525395707,0,0.00425538032461651,0.00746129185295936,0.000186891703445995,0.000639744677180523,0,0.000812260095746057,0.0036875170718383,0.0588565103006081,0.00416193447289352,0.0116088500409724,0.000143762848804612,0.00191923403154157,0.00925832746301701,0.017891286533734,0.0109691053637919,0.00186891703445995,0,0.00575770209462471,0.000891329662588594,0
"12-7","Udder",0.0187040303524478,0.0256597996472194,0,0.00286218258062369,0.00569108396844943,0.000765467434352847,0.00356108762938064,0.0316836955436483,0.134389456518122,0.339401604153493,0.000698905048756947,0.0179718441108929,0.000499217891969248,0.00239624588145239,0.00705561287316537,0.00416014909974374,0.00396046194295604,0.000465936699171298,0.00901920324824442,0.00163077844709954,0.000499217891969248,0.00792092388591207,0.00212999633906879,0.000665623855958998,0.0705894099244517,0.000698905048756947,0.00702233168036742,0.0164409092421872,0.00246280826704829,0.00252937065264419,0.00129796651912005,0.00153093486870569,0.00885279728425467,0.0953173361733285,0.00658967617399408,0.0107831064665358,0.0011981229407262,0.00619030186041868,0.00728858122275102,0.0180051253036909,0.00572436516124738,0.0229973042233834,0.00176390321829134,0.0324158817852032,0.00156421606150364,0.00246280826704829
"12-8","Left front pastern",0.00162330905306972,0.00124869927159209,0,0.00283038501560874,0.01315296566077,0.00291363163371488,0.00986472424557752,0.00287200832466181,0.0809573361082206,0.410822060353798,0.000957336108220604,0.00108220603537981,0.00258064516129032,0.0059105098855359,0.0198126951092612,0.00108220603537981,0.00124869927159209,0.00362122788761707,0.00732570239334027,0.0090738813735692,0.00915712799167534,0.0236004162330905,0.00378772112382934,0.0105306971904266,0.0115296566077003,0.0126534859521332,0.0147762747138398,0.0345057232049948,0.00370447450572321,0.00824141519250781,0.00536940686784599,0.00262226847034339,0.0176482830385016,0.00341311134235172,0.00869927159209157,0.0105723204994797,0.00341311134235172,0.0118210197710718,0.0213111342351717,0.00166493236212279,0.0161498439125911,0.0308012486992716,0.00287200832466181,0.000332986472424558,0.0129448491155047,0.0502393340270552
"13-1","Forehead",0.000407640344747263,0.00133938970416958,0,0.000174703004891684,0.00273701374330305,0.002766130910785,0.00413463778243652,0.00125203820172374,0.0723270440251572,0.49356510598649,0.000378523177265316,0.192872117400419,0.00209643605870021,0.00305730258560447,0.0152282785930585,0.000669694852084789,0.000145585837409737,0,0.00125203820172374,0.00043675751222921,0,0.0123456790123457,0.00454227812718379,0,0.00681341719077568,0,0.0154029815979502,0.0516247379454927,0.00195085022129047,0.00247495923596553,0,0.00264966224085721,0.00809457255998136,0.00250407640344747,0.00433845795481016,0.00157232704402516,0.00704635453063126,0.00704635453063126,0.0268460284183555,0.000524109014675052,0.00978336827393431,0.0176450034940601,0.00314465408805031,0,0,0.00227113906359189
"13-2","Muzzle",0.000924438183699073,0.00101247991547994,0,0,0.00264125195342592,0.162723130763982,0.00374177360068673,0.00114454251315123,0.0550921136618757,0.260383421741906,0.000264125195342592,0.023947351044395,0.171109105716109,0.00482028481500231,0.0345783901569344,0.00103449034842515,0,8.80417317808641e-05,0.00121057381198688,0.000726344287192129,0,0.103911253934365,0.00187088680034336,0.000198093896506944,0.00581075429753703,0,0.0133383223648009,0.0462879404837893,0.000374177360068673,0.000352166927123457,0.000374177360068673,0.00237712675808333,0.00708735940835956,0.00206898069685031,0.0034336275394537,0.00101247991547994,0.0156274073911034,0.00556863953513966,0.015693438689939,0.000968459049589505,0.0104329452160324,0.0118636233574714,0.00752756806726388,0,0.000198093896506944,0
"13-3","Neck",0,0,0,0.000845070422535211,0.00450704225352113,0,0.00422535211267606,0,0.0676056338028169,0.34169014084507,0,0.336056338028169,0,0,0.00985915492957747,0.0028169014084507,0.00619718309859155,0,0.00197183098591549,0,0,0,0,0,0.0287323943661972,0,0.00450704225352113,0.0667605633802817,0,0,0,0.00140845070422535,0.0115492957746479,0.0312676056338028,0.00732394366197183,0,0.00028169014084507,0.0115492957746479,0.00394366197183099,0.00957746478873239,0.00197183098591549,0.0154929577464789,0,0.00140845070422535,0,0.0129577464788732
"13-4","Pectoral area",0,0,0,0,0.0023592854735423,0,0.00151668351870576,0.000842601954836535,0.0908324907313785,0.3773171553758,0,0.327435119649478,0,0,0.00674081563869228,0.000337040781934614,0.000337040781934614,0.000505561172901921,0,0,0,0.0023592854735423,0,0,0.00353892821031345,0,0.00808897876643074,0.135827435119649,0,0.00134816312773846,0,0,0.00825749915739805,0,0.00977418267610381,0.00117964273677115,0.00320188742837883,0.00353892821031345,0,0.00286484664644422,0.00185372430064038,0.00589821368385575,0,0.000505561172901921,0,0
"13-5","Dorsum",0,6.11647516274193e-05,0,0,0.000104853859932719,0,6.11647516274193e-05,0.000122329503254839,0.00213202848529861,0.00990868976364192,0,0.955524487745205,0,0.000104853859932719,0.000166018611560138,0,0,0,0.000131067324915898,0,0,0.000157280789899078,1.74756433221198e-05,0,0.000358250688103456,0,0.000314561579798156,0.0284328716850889,0.000209707719865438,0.000349512866442396,0,0,0,0.000253396828170737,0.000104853859932719,0,3.49512866442396e-05,0.000113591681593779,0.000270872471492857,4.36891083052995e-05,0,0.000122329503254839,0,0,0,0
"13-6","Ventral abdomen",0.00370153906097799,0.0075978959672706,0.0121436456912787,0,0.0200012987856354,0,0.00948113513864537,0.00551983895058121,0.166114682771609,0.20403922332619,0.00129878563543087,0.00928631729333074,0,0.00259757127086174,0.00876680303915839,0.00324696408857718,0.00142866419897396,0.00551983895058121,0.0035716604974349,0.00694850314955517,0.011104617182934,0.0221442950840964,0.00629911033183973,0.0170140918241444,0.035002272874862,0.00337684265212027,0.0222092343658679,0.0279238911617638,0.00642898889538282,0.0140268848626534,0.00363659977920644,0.0112994350282486,0.0292226767971946,0.0090914994480161,0.0140268848626534,0.00201311773491785,0.00071433209948698,0.0137671277355672,0.0214949022663809,0.0050652639781804,0.00558477823235275,0.0609130463017079,0.00487044613286577,0,0.0105201636469901,0.0612377427105656
"13-7","Udder",0.00201748486886348,0.00369872225958305,0,0.00672494956287828,0.0114324142568931,0,0.00437121721587088,0.00100874243443174,0.0870880968392737,0.642905178211163,0,0.035305985205111,0,0,0,0.00201748486886348,0,0.000672494956287828,0,0,0,0.0100874243443174,0,0,0.00268997982515131,0.00302622730329523,0.00605245460659045,0.0121049092131809,0,0.00907868190988568,0,0,0.015803631472764,0,0.0114324142568931,0,0.0047074646940148,0.0137861466039005,0.0100874243443174,0,0.00134498991257566,0.0248823133826496,0,0.00369872225958305,0.00672494956287828,0.0285810356422327
"13-8","Left front pastern",0.00485222761358624,0.00551389501543891,0.000330833700926334,0.00727834142037936,0.0180855756506396,0.0121305690339656,0.00915306572562858,0.00584472871636524,0.0905381561535068,0.240185266872519,0,0.0197397441552713,0.00816056462284958,0.00165416850463167,0.0116894574327305,0.0025363917071019,0.000992501102779003,0.00540361711513013,0.00760917512130569,0.03429642699603,0.0142258491398324,0.0242611380679312,0.0095941773268637,0.0173136303484782,0.0227172474636083,0.0114689016321129,0.0154389060432289,0.0252536391707102,0.00441111601235112,0.0175341861490957,0.00286722540802823,0.0105866784296427,0.0295544772827525,0.0122408469342744,0.00926334362593736,0.00419056021173357,0.0101455668284076,0.0141155712395236,0.0151080723423026,0.00485222761358624,0.00551389501543891,0.0544772827525364,0,0.00198500220555801,0.0131230701367446,0.0388178209086899
"2-1","Forehead",0.00168040955097894,0.00254015397241002,0,0.00035171362694908,0.0121536597756849,0.00257923326429325,0.0102778537652898,0.00449411856657157,0.0492789870647544,0.518816679041776,0.00140685450779632,0.0882410410723358,0,0.00554925944741881,0.0141076243698464,0.00207120246981125,0.000508030794482004,0.000195396459416155,0.00168040955097894,0.000117237875649693,0,0.00762046191723006,0.00398608777208957,0,0.0141467036617297,0.00109422017273047,0.0190706944390168,0.0469342295517605,0.00297002618312556,0.00601821095001759,0.00140685450779632,0.00773769979287975,0.013521434991598,0.00508030794482004,0.00437688069092188,0.00269647113994294,0.0105904881003556,0.0125053734026339,0.017077650552972,0.00171948884286217,0.0137559107428973,0.0603384266677088,0.000664347962014928,0,0.000429872210715542,0.00207120246981125
"2-2","Muzzle",0.00168769589327333,0.00281282648878888,0,0.000482198826649522,0.0034021806102494,0.00275924884138338,0.00297355943100538,0.00500951003241448,0.0463446650057596,0.628948002893193,0.0012054970666238,0.0166626483431113,0.0010447641244073,0.00313429237322189,0.010340485949262,0.00150017412735407,0.000482198826649522,0,0.00492914356130622,0.000535776474055024,0,0.00908141123523266,0.00533097591684749,0.000133944118513756,0.0272710225294007,0,0.0183771330600873,0.049746845616009,0.000937608829596292,0.00141980765624581,0,0.00158054059846232,0.00996544241742345,0.0077955476975006,0.00313429237322189,0.00790270299231161,0.0282622090064025,0.00492914356130622,0.0141712877387554,0.00291998178359988,0.0148410083313242,0.0186182324734121,0.0199040960111442,0.000187521765919258,0.000910820005893541,0.000964397653299044
"2-3","Neck",0.00272224930928003,0.0047944092312693,0,0,0.0105639525434747,0.00199089874857793,0.0119453924914676,0.00345359986998212,0.140216154721274,0.215992198927353,0.000487567040468064,0.173736388753454,0.0020315293352836,0.00329107752315943,0.00816674792784008,0.00255972696245734,0.00150333170810987,0.000162522346822688,0.00312855517633675,0.000731350560702097,0.000325044693645376,0.00715098326019828,0.0071103526734926,0,0.0229969120754104,0,0.0214529497805948,0.0901999024865919,0.00792296440760605,0.00861368438160247,0.00146270112140419,0.0103201690232407,0.0246627661303429,0.00816674792784008,0.0136112465464001,0.00138143994799285,0.0213716886071835,0.0138550300666342,0.0106452137168861,0.00361612221680481,0.00280351048269137,0.0652120916626036,0.0147082723874533,0.000325044693645376,0.000446936453762392,0.00414431984397855
"2-4","Pectoral area",0.00210435697546511,0.00411306136113635,0,0.00105217848773256,0.0121957051987183,0.00129130996221723,0.0108087426467072,0.00239131474484672,0.0683437754077192,0.301449136735377,0,0.195753025013152,0,0.00330001434788847,0.00674350758046774,0.000765220718350949,0.00253479362953752,0.00105217848773256,0.00325218805299153,0.00176957291118657,0.000765220718350949,0.00865655937634511,0.00258261992443445,0.00325218805299153,0.0198479123822277,0.00157826773159883,0.0186044287149075,0.0506480462958535,0.00272609880912526,0.00707829164474628,0.000860873308144818,0.00770003347840643,0.0158305036108853,0.00425654024582716,0.00564350279783825,0.0111435267109857,0.0758525037065379,0.0135348414558324,0.00970873786407767,0.00325218805299153,0.00377827729685781,0.0671002917403989,0.0047348031947965,0.000669568128557081,0.00100435219283562,0.00894351714572672
"2-5","Dorsum",0.000112220850634048,0.000415217147345977,0,0,0.00051621591291662,0,0.000359106722028953,0.000112220850634048,0.00666591852766244,0.0939737403209516,0,0.815419144877118,0.00075187969924812,6.73325103804287e-05,0.000841656379755359,0.000157109190887667,0,0,5.61104253170239e-05,0,0,0.000336662551902143,0.000157109190887667,0,0.000549882168106834,0,0.000897766805072382,0.0567276399955112,0,0.000504993827853215,0,0.000460105487599596,0.000112220850634048,0.000134665020760857,0.000583548423297049,0,0.00075187969924812,0.000482549657726406,0.00428683649422063,0,8.97766805072382e-05,0.00288407586129503,0,0,0,0.000134665020760857
"2-6","Ventral abdomen",0.0121512546060712,0.0202667134585015,0,0.00254430601859975,0.0171521319529742,0,0.0227232847868047,0.0573784874539393,0.167046850324618,0.107518862958414,0,0.00206176522196877,0,0.00864186699420951,0.00280751008948938,0.00715037725916827,0.0318038252324969,0.000745744867520618,0.00780838743639235,0.00412353044393753,0.000965081593261976,0.0058782242498684,0.0023249692928584,0.00329005088612037,0.0941393226881909,0.000833479557817161,0.0228548868222495,0.0234690296543253,0.00736971398490963,0.0170205299175294,0.00548341814353395,0.0189945604492016,0.0246973153184769,0.0521144060361467,0.0154851728373399,0.00750131602035445,0.00166695911563432,0.0288647131075627,0.00522021407264432,0.0189945604492016,0.00478154062116161,0.0817687313563783,0.00206176522196877,0.00675557115283383,0.0029391121249342,0.0123267239866643
"2-7","Udder",0.00386888442088588,0.00944373362578444,0,0.00664107719490648,0.00594041308718699,0.00161457381344057,0.00929141534149759,0.0108450618412234,0.0585816121367209,0.514348382379821,0.000487418509717907,0.00910863340035338,0,0.00402120270517273,0.00618412234204594,0.00554438554804119,0.00201060135258636,0.000913909705721075,0.00615365868518857,0.00155364649972583,0.00149271918601109,0.0052397489794675,0.00201060135258636,0.00380795710717114,0.0630597696947542,0.00109669164686529,0.0150795101443977,0.0274172911716322,0.001980137695729,0.00438676658746116,0.00237616523487479,0.00295497471516481,0.0129470541643819,0.0250106622799001,0.00673246816547858,0.0216291963687321,0.00155364649972583,0.00987022482178761,0.014439773350393,0.00849936026320599,0.00895631511606653,0.0310120026808018,0.00124900993115214,0.00261987448973375,0.00204106500944373,0.00764637787119966
"2-8","Left front pastern",0,0.00896776325105017,0,0.00344550903856138,0.0137820361542455,0.00165195638835135,0.00835417944966253,0.00226554018973899,0.0805682729975929,0.359890498890829,0.00075518006324633,0.00287912399112663,0,0.00335111153065559,0.00679662056921697,0.00160475763439845,0.00151036012649266,0.00585264549015906,0.00783499315618068,0.0151979987728324,0.00859017321942701,0.0169915514230424,0.0010855713409166,0.0178883277481474,0.00859017321942701,0.00670222306131118,0.0114692972105536,0.023080190682966,0.00363430405437296,0.0124604710435644,0.00674942181526408,0.000707981309293435,0.0187851040732525,0.00641903053759381,0.00731580686269882,0.0530985981970076,0.00887336574314438,0.00745740312455751,0.00929815452872044,0.00155755888044556,0.00797658941803936,0.0334167177986501,0.0105253221314957,0.000377590031623165,0.021239439278803,0.0605560013215651
"3-1","Forehead",0.0022914139371883,0.00326189513411511,0,0.000323493732308937,0.00849171047310958,0.00363930448847554,0.00531068877207171,0.00417846070899043,0.0747270521633643,0.447984903625826,0.000620029653592128,0.158053646043941,0.00126701711821,0.00401671384283596,0.0128588758592802,0.00258794985847149,0.000700903086669362,0.000107831244102979,0.00380105135463,0,0,0.0135328211349238,0.00469065911847958,0,0.0248820595767624,0,0.0205148941905917,0.0468526755627443,0.00328885294514085,0.00361234667744979,0,0.00622725434694703,0.0129397492923575,0.00628116996899852,0.00501415285078852,0.00304623264590915,0.00851866828413533,0.00908478231567597,0.0178191130880173,0.00210270926000809,0.0115379431190187,0.0387922900660466,0.00361234667744979,0.000161746866154468,0.000269578110257447,0.00210270926000809
"3-2","Muzzle",0.000434157327761648,0.000868314655523295,0,0,0.00236073046970396,0.00862887688926275,0.00374460695194421,0.00143814614821046,0.0211651697283803,0.569858627520148,0.00314764062627195,0.031096518600928,0.019754158413155,0.00325617995821236,0.0468075868993026,0.000515561826716957,0.000108539331940412,0,0.00122106748432963,0,0,0.0278132038097306,0.00599679808970776,0,0.00390741594985483,0,0.0148970233088215,0.0523159579952785,0.00149241581418066,0.00122106748432963,0.000244213496865927,0.00119393265134453,0.0072992700729927,0.00113966298537432,0.00141101131522535,0.001845168642987,0.0639839361788728,0.00347325862209318,0.0135945513255366,0.000434157327761648,0.00928011288090522,0.0214365180582314,0.0308523051040621,0,0,0
"3-3","Neck",0.00409284291022672,0.00350045775216759,0,0.00102321072755668,0.00727018148527115,0.00969357531369487,0.00657008993483763,0.00468522806828585,0.0810490602617265,0.181216005169907,0,0.365178523345361,0.00129247670849265,0.0051699068339706,0.0051699068339706,0.00199256825892617,0.00183100867036459,0.000107706392374387,0.00150788949324142,0.00199256825892617,0.000807797942807906,0.00457752167591147,0.00210027465130055,0,0.0207873337282568,0,0.0104475200603156,0.103667402660348,0.00495449404922182,0.0051160536377834,0.00166944908180301,0.00667779632721202,0.0179869675265227,0.0104475200603156,0.00775486025095589,0.000269265980935969,0.00867036458613819,0.0113091711993107,0.0182562335074587,0.00350045775216759,0.00387743012547795,0.0338736604017448,0.00635467715008886,0.000861651138995099,0.000376972373310356,0.00646238354246324
"3-4","Pectoral area",0.00188396078807038,0.00475779927834722,0,0.00172430309416611,0.00510904620493662,0.00137305616757672,0.00555608774786857,0.00632244467860906,0.0644059137209822,0.419261104192611,0.000351246926589392,0.179167864099371,0.00153271386148098,0.00367212695979819,0.0102500239486541,0.00223520771465977,0,0.000606699236836223,0.00357633234345563,0.00265031771881087,0.00204361848197465,0.00651403391129418,0.00236293386978318,0.00312929080052368,0.0405530542516844,0.000989877702206469,0.0159338378516461,0.0493661589552001,0.00178816617172782,0.00376792157614075,0.00204361848197465,0.00370405849857905,0.0141456716799183,0.0163170163170163,0.00437462081297698,0.00319315387808539,0.00229907079222148,0.00868537854839225,0.0192866494236357,0.00555608774786857,0.00699300699300699,0.0296005364498515,0.000957946163425615,0.000510904620493662,0.00226713925344062,0.0117188747325734
"3-5","Dorsum",0,0,0,0,0.00106055148677312,0,0.000680353783967663,0,0.00446232040661144,0.00926481770520671,0,0.903429783487413,0.000500260135270341,0.000260135270340577,0.000340176891983832,0,0,0,0,0,0,0,6.00312162324409e-05,0,0,0,0.0017609156761516,0.060551486773122,0.0004402289190379,0.00094048905430824,0.000200104054108136,0.00110057229759475,0.00164085324368672,0,0.000340176891983832,0,0,0.00174090527074079,0.000540280946091968,0,0,0.00656341297474687,0,0,0,0.00100052027054068
"3-6","Ventral abdomen",0.0208855899667264,0.0223189147683645,0,0,0.0119273099564884,0,0.0126951625287945,0.0324545687228052,0.194522651650883,0.0794983363194267,0,0.00414640389045303,0,0.00286664960327617,0.00429997440491426,0.015101100588687,0.00967494241105708,0.000614282057844894,0.0076273355515741,0.00394164320450474,0.000921423086767341,0.0046071154338367,0.00122856411568979,0.00194522651650883,0.153928845661633,0.00138213463015101,0.0197082160225237,0.0431533145636038,0.00865113898131559,0.0136677757870489,0.00685948297926798,0.0165344253903251,0.0335295623240338,0.0661377015613002,0.0131558740721781,0,0.00291783977476325,0.0188891732787305,0.00680829280778091,0.0163296647043768,0.00174046583056053,0.0519580240593806,0.00235474788840543,0.00987970309700537,0.00517020732019452,0.0135653954440747
"3-7","Udder",0.02052936775159,0.0435839880284325,0,0,0.00378787878787879,0.000327347549569772,0.0049569771791994,0.0321735877291433,0.099934530490086,0.10264683875795,0,0.0261878039655817,0,0.00215114104002993,0.00168350168350168,0.0076225215114104,0.00369435091657314,0.00051440329218107,0.012532734754957,0.0024784885895997,0,0.00257201646090535,9.35278713056491e-05,0,0.13757949869061,0.00154320987654321,0.00794986906098017,0.0117845117845118,0.00215114104002993,0.00491021324354658,0.000467639356528245,0.00388140665918444,0.00883838383838384,0.272259633370744,0.00448933782267116,0.00051440329218107,0.000701459034792368,0.00874485596707819,0.00275907220351665,0.0477459783015339,0,0.0279180695847363,0,0.0286662925551814,0.0049569771791994,0.0116909839132061
"3-8","Left front pastern",0.00463639930097364,0.00798887264167766,0.0017119012803595,0.00199721816041942,0.00292449802061414,0.0100574200221121,0.011947644352509,0.0110916937123293,0.0521773244409572,0.425657120439388,0.00253218731053176,0.000427975320089875,0.0126252719426513,0.0241092763650629,0.030742893826456,0.00292449802061414,0.00213987660044937,0.000356646100074896,0.0092371339919398,0,0.000606298370127323,0.0159420806733478,0.00474339313099611,0.00217554121045686,0.0557794500517137,0.00192588894040444,0.0165127144334677,0.0607011662327472,0,0.000713292200149791,0.00124826135026213,0.00260351653054674,0.0202574984842541,0.0245015870751453,0.00296016263062163,0.0239309533150255,0.00085595064017975,0.0150861300331681,0.029209315596134,0.00977210314205214,0.0252862084953101,0.0211847783444488,0,0.00217554121045686,0.00224687043047184,0.00995042619208959
"4-1","Forehead",0.00150242699745743,0.00500808999152477,0,0,0.00843670544726096,0.00150242699745743,0.00624085060482318,0.00427613837737884,0.0669928345789352,0.449726481238924,0.000500808999152477,0.163148162416211,0.00265814007242469,0.00273518761075584,0.0195315509669466,0.00211880730410663,0.000847522921642654,0,0.00296633022574929,0,0,0.0133677479004546,0.00377532937822637,0.000308190153324601,0.0274674474150551,0,0.0191848370444564,0.0457662377687033,0.00192618845827876,0.00431466214654442,0.0010786655366361,0.00758918252561831,0.0117112258263348,0.0120964635179906,0.00508513752985592,0.00315894907157716,0.00612527929732645,0.00990060867555282,0.0181061715078203,0.00292780645658371,0.0116341782880037,0.0277756375683797,0,0.000385237691655752,0.000115571307496725,0.00104014176747053
"4-2","Muzzle",0.00182234475024532,0.00116816971169572,0,0,0.00453249848137937,0.0998084201672819,0.0058875753469464,0.000747628615485258,0.0417270221017709,0.439558899116864,0.000747628615485258,0.0116816971169572,0.0599971963926919,0.00668193075089949,0.0356525396009532,0.00102798934629223,0,0,0.000794355403953086,0,0,0.0732676043175553,0.00247651978879492,0,0.00742955936638475,0,0.0196719779449558,0.0720527078173917,0,0.000513994673146115,0,0.000981262557824401,0.00948553805896921,0.00355123592355497,0.00308396803887669,0.00172889117330966,0.0185972618101958,0.0058875753469464,0.0180832671370497,0.000934535769356572,0.0116349703284893,0.0176159992523714,0.00528012709686463,0,0,0
"4-3","Neck",0.000148067716302256,0.00582399684122205,0,0,0.019100735402991,0.000987118108681704,0.00996989289768521,0.00197423621736341,0.0524159715709985,0.311188983761907,0,0.172844380830166,0.00148067716302256,0.00384976062385864,0.00779823305858546,0.000345491338038596,0,0,0.00128325354128621,0.00883470707270125,0,0.00814372439662406,0.00212230393366566,0,0.0093282661270421,0.00414589605646316,0.0300083905039238,0.046937466067815,0.00542914959774937,0.0124376881693895,0.00310942204234737,0.0140170771432802,0.0180149054834411,0,0.00705789447707418,0.025517003109422,0.0366220818320912,0.0257637826365925,0.00992053699225112,0.000937762203247619,0.00449138739450175,0.0716154187848576,0.0188045999703865,0,0.00207294802823158,0.00636691180099699
"4-4","Pectoral area",0.00143802128271498,0.00191736171028665,0,0.00134215319720065,0.00479340427571661,0.00440993193365929,0.00517687661777394,0.0032595149074873,0.0451538682772505,0.574537436487393,0.000766944684114658,0.153197200651903,0.00766944684114658,0.00345125107851596,0.0128463234589205,0.00105454894065766,0.000671076598600326,0,0.000958680855143323,0.00153388936822932,0,0.00910746812386157,0.00345125107851596,0,0.0102578851500336,0,0.00862812769628991,0.0446745278496788,0.00239670213785831,0.00124628511168632,0.000575208513085994,0.00527274470328828,0.00795705109768958,0.00843639152526124,0.00402645959160196,0.00162975745374365,0.00440993193365929,0.00939507238040456,0.0056562170453456,0.00431406384814495,0.00278017447991564,0.0276100086281277,0,0.00105454894065766,0,0
"4-5","Dorsum",0,0,0,0,0.00149543634082197,0,0.000584423397562611,0,0.000532856627189439,0.00837100572391151,0,0.957319903054472,0,0.000464100933358544,0,0,0,0,0,0.000137511387661791,0,0,0,0,0,0,0.00140949172353336,0.0183921480997645,0,0.000756312632139849,0.000103133540746343,0.000876635096343916,0.000807879402513021,0,0,0,0,0.00134073602970246,0,0,0,0.00495040995582447,0.00022345600495041,0,0,0.000464100933358544
"4-6","Ventral abdomen",0.00142691047457985,0.00199062819293239,0,5.28485360955502e-05,0.000933657471021386,0.000264242680477751,0.000739879505337702,0.0044216608533277,0.0448155586090265,0.756438713314308,0.00110981925800655,0.000246626501779234,0,0.00163830461896205,0.0161011873304443,0.00209632526512349,0,0,0.00817390691611176,0.000246626501779234,0,0.0223196984110207,0.00671176408413487,0,0.0135292252404608,0,0.00820913927350879,0.0180037346298841,0.000176161786985167,0.000281858859176267,0,0.000546101539654018,0.00782158334214142,0.00366416516929148,0.00186731494204277,0.025842934150724,0.000140929429588134,0.00188493112074129,0.00960081739069161,0.000687030969242152,0.0194306451044639,0.00232533558820421,0,8.80808934925836e-05,0.000317091216573301,0.000792728041433252
"4-7","Udder",0.00162779999292261,0.00116776956014013,0,0.0204890477370041,0.00219399129480873,0,0.00414027389504229,0.00488339997876783,0.0477370041402739,0.66739799709827,0.00130931738561166,0.0116069216886656,0,0.00276018259669486,0.016313386885594,0.00187550868749779,0.000176934781839414,0.000106160869103648,0.00934215648112106,0,0.000176934781839414,0.020524434693372,0.00470646519692841,0.000707739127357656,0.0105453129976291,0,0.0147209738490392,0.0239569694610567,0.0010262217346686,0,0.000424643476414594,0.00138009129834743,0.0147563608054071,0.00251247390211968,0.00233553912028026,0.0261863477122333,0.000495417389150359,0.00417566085141017,0.0112884390813546,0.00141547825471531,0.0269294737959588,0.0134470434197955,0,0.000283095650943062,0.000106160869103648,0.00290173042216639
"4-8","Left front pastern",0.000674340193000814,0.00179048947796768,0,0.000465062202069527,0.00437158469945355,0.000581327752586908,0.00509243111266132,0.00323218230438321,0.0591094058830369,0.538704801767236,0.0035344727357284,0.00258109522148587,0.000883618183932101,0.00316242297407278,0.0284850598767585,0.00286013254272759,0.000232531101034763,0.000674340193000814,0.00809208231600977,0.00239507034065806,0.00162771770724334,0.0166492268340891,0.00592954307638647,0.00346471340541797,0.0144866875944658,0.00102313684455296,0.0153470526682944,0.0646901523078712,0.00148819904662249,0.00220904545983025,0.0026508545517963,0.00125566794558772,0.0255086617835135,0.0025578421113824,0.00479014068131613,0.0352749680269736,0.000767352633414719,0.0065806301592838,0.0182769445413324,0.00151145215672596,0.0307406115567957,0.0193000813858854,0.00144169282641553,0,0.00367399139634926,0.0143006627136379
"5-1","Forehead",0.00118605924213856,0.00149017699653306,0,0,0.00799829694057539,0.00206800072988261,0.00650811994404233,0.00194635362812481,0.0954929748798735,0.479715345781887,0.000364941305273402,0.135362812480993,0.000699470835107354,0.00337570707377897,0.0107353567301259,0.00115564746669911,0,0,0.00261541268779271,0.00115564746669911,0.000212882428076151,0.00830241469496989,0.00322364819658172,0,0.0136852989477526,0,0.0151146523934067,0.0418770147801229,0.00367982482817347,0.00492670762119092,0.000547411957910103,0.00486588407031202,0.0098230034669424,0.00413600145976522,0.00532206070190378,0.00225047138251931,0.0287391277902804,0.00851529712304604,0.0200413600145977,0.00121647101757801,0.0105224743020498,0.036615777629098,0.00760294385986254,0,0,0.00246335381059546
"5-2","Muzzle",0.00248927810934829,0.00431874756320667,0,0,0.00239930420178148,0.0136460426476322,0.00242929550430375,0.00599826050445371,0.0615721440782173,0.340881144468104,0.000509852142878565,0.026242389706985,0.0196143118495636,0.00359895630267222,0.0185946075638065,0.00296913894970459,0.000269921722700417,8.99739075668056e-05,0.00215937378160334,0.000689799958012176,0,0.0193143988243409,0.00260924331943736,0,0.0325705545391836,0,0.00881744294154695,0.0304711633626248,0.0108868428155835,0.00170950424376931,0.000929730378190325,0.00146957382359116,0.00842755600875746,0.0113367123534175,0.00350898239510542,0.00509852142878565,0.207059952613742,0.00545841705905287,0.00704795609273311,0.00302912155474912,0.00509852142878565,0.0207239900428876,0.0910835857601296,0,0.000719791260534445,0.000569834747923102
"5-3","Neck",0.00338556019211086,0.00582631288874892,0,0.00196834894890166,0.0174002047082907,0.00598378080466105,0.00818833162743091,0.00566884497283678,0.0913313912290371,0.280922761987245,0,0.161877017557673,0,0.00401543185575939,0.010707818282025,0.00307062436028659,0,0.000236201873868199,0.00110227541138493,0.00102354145342886,0.000787339579560665,0.0123612313991024,0.00236201873868199,0.000236201873868199,0.0325171246358554,0.000708605621604598,0.0233052515549957,0.105424769703173,0.0101566805763326,0.00897567120699158,0.0014172112432092,0.00779466183765058,0.0192110857412802,0.00826706558538698,0.00511770726714432,0.00212581686481379,0.010629084324069,0.0158255255491694,0.0150381859696087,0.00496023935123219,0.00566884497283678,0.0504684670498386,0.0114951578615857,0,0.00110227541138493,0.00850326745925518
"5-4","Pectoral area",0.000563380281690141,0.00328638497652582,0,0,0.015962441314554,0.00140845070422535,0.0063849765258216,0.00122065727699531,0.0917370892018779,0.403004694835681,0,0.244037558685446,0,0.00150234741784038,0.00713615023474178,0.000563380281690141,0,0.000375586854460094,0.00103286384976526,0.000563380281690141,0,0.00769953051643192,0.00112676056338028,0.000751173708920188,0.00657276995305164,0,0.019906103286385,0.0586854460093897,0.00657276995305164,0.00253521126760563,0,0.00572769953051643,0.020093896713615,0,0.00676056338028169,0,0.0031924882629108,0.00910798122065728,0.00488262910798122,0.000657276995305164,0.00384976525821596,0.0353051643192488,0.00535211267605634,0,0.000657276995305164,0.00685446009389671
"5-5","Dorsum",0.000100824746425763,0,0,0,0.000463793833558509,0,0.000403298985703051,0,0.00542437135770604,0.00568651569841302,0,0.94380028634228,0,0.000262144340706983,0.000383134036417898,0,0,0,0,8.06597971406102e-05,0,0.000282309289992136,0.000120989695710915,0,0.000181484543566373,0,0.00179468048637858,0.0314169909862677,0,0.000746103123550644,0,0.000524288681413966,0.0011494021092537,0,0.000362969087132746,0,0,0.000927587667117017,0.000362969087132746,0,0,0.00248028876207376,0,0,0.00016131959428122,0
"5-6","Ventral abdomen",0.00892381459776239,0.00552743740010655,0,0.00412892914224827,0.00992274906766116,0,0.0153835908364411,0.00899041022908897,0.101558337773042,0.305474160895045,0.00739211507725093,0.0253063399041023,0,0.014917421417155,0.00972296217368141,0.00432871603622802,0,0.00153169952051145,0.00273042088438998,0.003529568460309,0.000998934469898775,0.00839104954714971,0.00279701651571657,0.00346297282898242,0.0652637187000533,0.00239744272775706,0.0240410229088972,0.0527437400106553,0.0039957378795951,0.00919019712306873,0.00286361214704315,0.0128529568460309,0.0422882258923815,0.019579115610016,0.00852424080980288,0,0.00013319126265317,0.0171150772509323,0.0334976025572722,0.0109216835375599,0.0263718700053277,0.0550079914757592,0.00013319126265317,0.00306339904102291,0.00372935535428876,0.0131859350026638
"5-7","Udder",0,0.0156794425087108,0,0,0.00522648083623693,0,0.00929152148664344,0.021486643437863,0.0813008130081301,0.51451800232288,0,0.0435540069686411,0,0,0.0150987224157956,0.00290360046457607,0.00290360046457607,0,0,0.00638792102206736,0.0040650406504065,0.0133565621370499,0,0.00174216027874564,0.0354239256678281,0,0.0145180023228804,0.0476190476190476,0,0,0,0,0.00929152148664344,0.0371660859465738,0.00290360046457607,0.00348432055749129,0,0,0.0232288037166086,0.00696864111498258,0.00638792102206736,0.0197444831591173,0,0.00290360046457607,0.00232288037166086,0.00290360046457607
"5-8","Left front pastern",0.00042396235214313,0.000805528469071946,0,0.000551151057786069,0.00161105693814389,0.0491372366133887,0.0263280620680884,0.00211981176071565,0.0307796667655912,0.364946792724806,0.000254377411285878,0,0.0553694831898927,0.0408699707465977,0.0761436384449061,0.000508754822571756,0.00042396235214313,0.000339169881714504,0.00233179293678721,0.000847924704286259,0,0.0415483105100267,0.00182303811421546,0.00182303811421546,0.00525713316657481,0.00182303811421546,0.00945436045279179,0.13732140585916,0,0.0013142832916437,0.000975113409929198,0.00305252893543053,0.0179336074956544,0.00373086869885954,0.00186543434942977,0.00479077457921737,0.000127188705642939,0.0231059481918006,0.0342137618179506,0.00105990588035782,0.0052147369313605,0.0317547801755204,8.47924704286259e-05,0,0,0.00496035952007462
"6-1","Forehead",0.00122116689280868,0.00219810040705563,0,0,0.00583446404341927,0.00170963364993216,0.00469470827679783,0.00350067842605156,0.0643690637720488,0.459185888738128,0.00122116689280868,0.19606512890095,0.00149253731343284,0.00282225237449118,0.0161194029850746,0.0016010854816825,0.000135685210312076,8.14111261872456e-05,0.00132971506105834,0.000841248303934871,0,0.0128900949796472,0.00477611940298507,0,0.0163093622795115,0,0.0158480325644505,0.0586702849389417,0.00312075983717775,0.00382632293080054,0.000461329715061058,0.0042876526458616,0.00949796472184532,0.0024966078697422,0.00420624151967436,0.00260515603799186,0.00455902306648575,0.00930800542740841,0.0135413839891452,0.00127544097693351,0.0132157394843962,0.0309362279511533,0.000569877883310719,0,0.000244233378561737,0.00173677069199457
"6-2","Muzzle",0.00143477043673012,0.00227463605823068,0,0.00083986562150056,0.00195968645016797,0.26959686450168,0.00297452407614782,0.00206466965285554,0.0393337066069429,0.18690509518477,0,0.00398936170212766,0.187534994400896,0.00360442329227324,0.0536464165733483,0.000909854423292273,0.00041993281075028,0,0.00136478163493841,0,0,0.0890607502799552,0.00101483762597984,0,0.0135778275475924,0,0.00640397536394177,0.0537513997760358,0,0.000769876819708847,0,0.00108482642777156,0.00447928331466965,0.00594904815229563,0.00272956326987682,0.00213465845464726,0.0164123740201568,0.00402435610302352,0.00836366181410974,0.00220464725643897,0.00276455767077268,0.00787374020156775,0.00668393057110862,0,0.000139977603583427,0
"6-3","Neck",0.00115633672525439,0.000971322849213691,0,0,0.0108695652173913,0.00198889916743756,0.00490286771507863,0.00129509713228492,0.07631822386679,0.290610545790934,0.000462534690101758,0.340610545790934,0,0.00175763182238668,0.00920444033302498,0.00180388529139685,0,0,0.00356151711378353,0.000925069380203515,0,0.00948196114708603,0.00291396854764107,0,0.00901942645698427,0.000462534690101758,0.0219703977798335,0.0611470860314524,0.00499537465309898,0.00661424606845513,0.00235892691951896,0.0078168362627197,0.0152173913043478,0.00212765957446809,0.00527289546716004,0.00226641998149861,0.000508788159111933,0.010268270120259,0.00938945420906568,0.00120259019426457,0.00564292321924144,0.0454671600370028,0.0017113783533765,0.000231267345050879,0.000277520814061055,0.00365402405180389
"6-4","Pectoral area",0.00204309063893016,0.00260029717682021,0,0.00148588410104012,0.00965824665676077,0.00352897473997028,0.00408618127786033,0.00575780089153046,0.0930534918276374,0.394502228826152,0,0.178120356612184,0,0.00297176820208024,0.00910104011887073,0,0.000928677563150074,0.00575780089153046,0.00965824665676077,0.00594353640416048,0.00315750371471025,0.00408618127786033,0.00111441307578009,0.00241456166419019,0.0195022288261516,0.00482912332838039,0.012444279346211,0.062407132243685,0.00408618127786033,0,0.00334323922734027,0,0.00687221396731055,0.00520059435364042,0.00204309063893016,0.00334323922734027,0.00204309063893016,0.00668647845468053,0.0105869242199108,0.0013001485884101,0.0013001485884101,0.012258543833581,0,0,0.0131872213967311,0.0287890044576523
"6-5","Dorsum",0,0,0,0,0.000864396343485057,0,0.000319708236631459,0,0.00151565386254914,0.0171103111826837,0,0.914661582911003,0.000307867190830294,0.000224979870222138,0.000544688106853597,0,0,0,8.28873206081561e-05,0,0,0.000296026145029129,8.28873206081561e-05,0,8.28873206081561e-05,0,0.00110121725950836,0.0549779756548098,0,0.000260503007625634,9.47283664093213e-05,0.000828873206081561,0.000319708236631459,4.73641832046606e-05,0.000153933595415147,0,1.18410458011652e-05,0.000947283664093213,0.000426277648841946,0,0,0.00311419504570644,0,0,0,0.000165774641216312
"6-6","Ventral abdomen",0.00389061805246776,0.00444642063139173,0,0.0111716318363717,0.00572476656291685,0,0.00439084037349933,0.00277901289461983,0.0670853712761227,0.578534904401956,0.00133392618941752,0.00233437083148066,0,0.00633614939973321,0.0113383726100489,0.00455758114717652,0.000722543352601156,0,0.00594708759448644,0.00277901289461983,0.00111160515784793,0.00361271676300578,0.00116718541574033,0.00100044464206314,0.0356825255669186,0.00227879057358826,0.0180080035571365,0.0345153401511783,0.00144508670520231,0.000944864384170743,0.00127834593152512,0.00311249444197421,0.0155624722098711,0.013728323699422,0.00289017341040462,0.00950422409959982,0.000277901289461983,0.00933748332592263,0.0300133392618942,0.00544686527345487,0.0327367718986216,0.0142285460204535,0,0.000722543352601156,0.0032792352156514,0.00933748332592263
"6-7","Udder",0.00593471810089021,0,0,0,0.0039564787339268,0.0128585558852621,0.0108803165182987,0.00494559841740851,0.0385756676557863,0.601384767556874,0,0.0227497527200791,0,0.0138476755687438,0,0.00692383778437191,0.00692383778437191,0,0,0.0029673590504451,0,0.00890207715133531,0,0,0.0306627101879327,0,0.0326409495548961,0.04648862512364,0,0,0,0.00593471810089021,0.0187932739861523,0.0168150346191889,0,0,0,0.0267062314540059,0.0227497527200791,0,0,0.0257171117705242,0,0.00692383778437191,0,0
"6-8","Left front pastern",0.00178745531361716,0.00211244718882028,0,0.00877478063048424,0.0226952659516845,0.0008124796880078,0.00433322500270827,0.00720398656700249,0.112663850070415,0.214061315133788,0.00102914093814321,0.000379157187736973,0,0.00655400281659625,0.0131080056331925,0.00194995125121872,0,0.00666233344166396,0.0143538078214711,0.0121330300075831,0.0169537428230961,0.0168454121980284,0.00135413281334633,0.0139746506337342,0.0142996425089373,0.0185245368865778,0.0141913118838696,0.0212869678258044,0.00189578593868487,0.0073123171920702,0.00698732531686708,0.00238327375148955,0.0183078756364424,0.00048748781280468,0.00563319250352075,0.00216661250135413,0.00102914093814321,0.00996641750622901,0.028436789080273,0.00167912468854945,0.0272993175170621,0.0275159787671975,0.00232910843895569,0.000758314375473946,0.02881594626801,0.0862853428664283
"7-1","Forehead",0.000746366949115336,0.0015146858673223,0.00381964262194319,0.000131711814549765,0.00447820169469201,0.00149273389823067,0.00320498748737762,0.00144882996004742,0.0600825394037845,0.380405672388813,0.000614655134565571,0.357926856038987,0.000724414980023708,0.00261228432190367,0.00880273960574264,0.00120735830003951,0,0,0.00118540633094789,0.000417087412740923,0.000109759845458138,0.00715634192387057,0.00245862053826228,0,0.0101857136585152,0,0.0103832813803398,0.0518725029635158,0.00344645914738552,0.00338060324011064,0.00052684725819906,0.00375378671466831,0.00821003644026869,0.00219519690916275,0.00425868200377574,0.00122931026913114,0.00285375598191158,0.00474162532379154,0.0105588971330728,0.00100979057821487,0.00656363875839663,0.019449444615182,0.00212934100188787,4.3903938183255e-05,0,0.001119550423673
"7-2","Muzzle",0.00156550202803672,0.00330890201380488,0.00149434284494414,0,0.00366469792926777,0.104141464455988,0.00821888564719277,0.00469650608411015,0.08887781968263,0.361417490927204,0.000676012239379492,0.0301359140397068,0.0863160890912972,0.00394933466163808,0.0321639507578453,0.000996228563296093,0,7.11591830925781e-05,0.00209919590123105,0,0,0.0655376076282644,0.00256173059133281,0.000249057140824023,0.0164377712943855,0,0.00611968974596172,0.0454707179961574,0,0.00152992243649043,0.000320216323916601,0.0025973101828791,0.0117768448018217,0.00611968974596172,0.00540809791503594,0.00740055504162812,0.0225574610403473,0.00782751014018359,0.00992670604141464,0.00142318366185156,0.0065110652529709,0.021169856970042,0.0094285917597666,0.000177897957731445,0.000142318366185156,0.000676012239379492
"7-3","Neck",0.00517241379310345,0.00137931034482759,0.00551724137931034,0,0.00517241379310345,0,0.00862068965517241,0,0.421379310344828,0.192758620689655,0,0.134827586206897,0,0.00448275862068965,0.00620689655172414,0,0,0,0.00103448275862069,0,0,0.00586206896551724,0,0,0.0193103448275862,0,0.00586206896551724,0.0658620689655172,0.00551724137931034,0.00137931034482759,0,0,0,0.0117241379310345,0.0575862068965517,0,0.00586206896551724,0,0.00310344827586207,0.0103448275862069,0,0.0186206896551724,0,0,0,0
"7-4","Pectoral area",0.00150809782965051,0.00275391777588355,0,0.00249163989246607,0.00524555766834962,0.00150809782965051,0.00386859878040784,0.00465543243066028,0.0868139794111862,0.492689003999738,0.000852403121106813,0.157497868992197,0,0.00393416825126221,0.0068192249688545,0.00321290407186414,0.00124581994623303,0.000196708412563111,0.001770375713068,0,0,0.0102288374532818,0.00163923677135926,0,0.030293095534719,0,0.0186217297226411,0.061110746836273,0.00236050095075733,0.000786833650252443,0.000721264179398072,0.00249163989246607,0.0092452953904662,0.00688479443970887,0.00465543243066028,0.00124581994623303,0.00013113894170874,0.00445872401809717,0.0253753852206413,0.00236050095075733,0.00793390597337879,0.0133106025834372,0,0.00111468100452429,0.000590125237689332,0.00347518195528162
"7-5","Dorsum",0.00045145028403747,0,0,0,0.000658364997554644,0,0.00229487227719047,9.40521425078063e-05,0.0120386742409992,0.00940521425078063,0,0.869831834769196,0.00139197170911553,0.000695985854557767,0.000583123283548399,0.00015048342801249,0,0,0,0,0,0,0,0,0.00127910913810617,0,0.00127910913810617,0.057879688499304,0,0.000959331853579625,0,0.00182461156465144,0.00532335126594184,0.000112862571009368,0.000507881569542154,0.000169293856514051,0,0.000583123283548399,0.0154245513712802,0,0.00030096685602498,0.00784394868515105,0,0,0,0
"7-6","Ventral abdomen",0.0084039598319208,0.0097215298055694,0.0004985399900292,0.0010326899793462,0.011217149775657,0,0.0071576098568478,0.0097571398048572,0.206253115874938,0.302328893953422,0.0004629299907414,0.0605726087885478,0,0.0030624599387508,0.0070863898582722,0.0051278398974432,0.0030624599387508,0,0.0060180898796382,0.0008546399829072,0,0.0061961398760772,0.0012819599743608,0.0002492699950146,0.0737483085250338,0,0.0170215796595684,0.0267787194644256,0.0054839398903212,0.0084751798304964,0.0032761199344776,0.0126059397478812,0.0254967594900648,0.0284167794316644,0.0196923296061534,0.001424399971512,0.0007478099850438,0.010504949789901,0.0053771098924578,0.0091517698169646,0.0042375899152482,0.0502813189943736,0.0013531799729364,0.0043800299123994,0.0012107399757852,0.0069083398618332
"7-7","Udder",0,0,0,0.00847457627118644,0.103389830508475,0,0.00593220338983051,0,0.161864406779661,0.361016949152542,0,0.0940677966101695,0,0,0,0.00338983050847458,0,0,0.00169491525423729,0,0,0,0,0,0.0347457627118644,0,0.0152542372881356,0.0347457627118644,0,0,0,0,0,0.0135593220338983,0.0161016949152542,0.00508474576271186,0,0.0076271186440678,0.0076271186440678,0.00508474576271186,0.0144067796610169,0.0728813559322034,0,0,0.00847457627118644,0
"7-8","Left front pastern",0.00414528227398342,0.00256612712198974,0.00769838136596921,0,0.00138176075799447,0,0.00671140939597315,0.00355309909198579,0.0428345834978287,0.709830240821161,0.00592183181997631,0,0,0,0.0294117647058824,0,0,0,0.00671140939597315,0,0,0.0142123963679432,0,0,0.0288195815238847,0,0,0.0138176075799447,0,0,0,0,0.0116462692459534,0,0.00276352151598895,0.0402684563758389,0,0,0.0223055665219108,0.00454007106198184,0.019739439399921,0.0165811290959337,0,0,0,0
"8-1","Forehead",0.00105593761845454,0.00175989603075757,0,0.000433205176801863,0.00300536091406292,0.00303243623761304,0.00433205176801863,0.00292413494341257,0.0408025125900255,0.444062381545459,0.000433205176801863,0.268830887529106,0.00314073753181351,0.00268045703146153,0.00958466453674121,0.00129961553040559,0.000162451941300699,8.12259706503493e-05,0.00208479991335896,0.000731033735853143,0,0.00871825418313749,0.00238262847241025,0,0.0101261710077435,0,0.0160285915416689,0.0610007039584123,0.00127254020685547,0.00251800509016083,0,0.00227432717820978,0.00879948015378784,0.00720203606433097,0.00273460767856176,0.00403422320896735,0.00357394270861537,0.00731033735853143,0.0189527264850815,0.00105593761845454,0.00920561000703958,0.0244490171657551,2.70753235501164e-05,0.000216602588400931,8.12259706503493e-05,0.00162451941300699
"8-2","Muzzle",0.00165770968690677,0.00288762332557953,0,0.00173792144595064,0.00395711344616454,0.0147054891580439,0.00721905831394882,0.00483944279564718,0.0389294403892944,0.514692120531537,0.00393037619314992,0.0251597550867624,0.0168712066522285,0.00713884655490495,0.0406138873292158,0.00120317638565814,0,0,0.00986604636239673,0.000213898024117002,0,0.0237694179300019,0.00572177214512981,0,0.0169246811582578,0,0.0164434106039945,0.0284751744605759,0.000106949012058501,0.00141707440977514,0.000133686265073126,0.000427796048234004,0.0270581000508008,0.00467901927755942,0.00270046255447715,0.0391166011603968,0.00328868212079891,0.00925108954306035,0.0308013154728483,0.00203203122911152,0.0338760995695302,0.0272452608219032,0.00045453330124863,0,0.000935803855511885,0
"8-3","Neck",0,0.000516929439131559,0,0,0.0168002067717757,0.00284311191522357,0.0169294391315585,0.00348927371413802,0.058542258981649,0.193590074954769,0,0.236236753683122,0.00633238562936159,0.00439390023261825,0.00723701214784182,0.00142155595761179,0.00116309123804601,0.000387697079348669,0.000775394158697338,0.0074954768674076,0,0.0155078831739468,0.00723701214784182,0,0.00956319462393383,0,0.0308865339881106,0.106099767381752,0.00956319462393383,0.00982165934349961,0,0.0100801240630654,0.0279141897131042,0.00400620315326958,0.00361850607392091,0.000775394158697338,0.00581545619023003,0.0246833807185319,0.0236495218402688,0.000646161798914448,0.000775394158697338,0.093693460842595,0.00529852675109847,0,0.00168002067717757,0.00297234427500646
"8-4","Pectoral area",0,0,0,0,0.0078740157480315,0,0.0106128038343033,0,0.0694967476891476,0.478603218076001,0,0.0883259157822664,0,0,0.0164327285176309,0.00102704553235193,0,0.00136939404313591,0.00136939404313591,0,0,0.00650462170489558,0,0,0.0191715166039028,0,0.0362889421431017,0.047586442998973,0.00479287915097569,0.00650462170489558,0.00410818212940774,0.00136939404313591,0.0208832591578227,0.0030811365970558,0,0,0.0249914412872304,0.0112975008558713,0.00479287915097569,0.00479287915097569,0,0.0914070523793221,0.00171174255391989,0,0.00102704553235193,0.00718931872646354
"8-5","Dorsum",0,0,0,0,0.00074103951898093,9.38024707570797e-06,0.000393970377179735,0,0.00177286669730881,0.00790754828482182,0,0.942939957038468,0.000572195071618186,0.000281407412271239,0.000150083953211328,0,0,0,0.000121943211984204,0,0,0,0.000281407412271239,0,8.44222236813718e-05,0,0.000966165448797921,0.031414447456546,0.000112562964908496,0.000975545695873629,0,0.000506533342088231,0.000243886423968407,0,0.000103182717832788,0,0.000196985188589867,0.00103182717832788,0.000478392600861107,0,0,0.00547806429221346,0,0,3.75209883028319e-05,0.000121943211984204
"8-6","Ventral abdomen",0.0192307692307692,0.0197802197802198,0,0.000470957613814757,0.0283359497645212,0,0.0248822605965463,0.0402668759811617,0.112637362637363,0.0562009419152276,0,0.0145996860282575,0,0.00588697017268446,0.00211930926216641,0.00627943485086342,0.00816326530612245,0,0.00682888540031397,0.00180533751962323,0,0,0.0010989010989011,0.00125588697017268,0.100784929356358,0,0.0463893249607535,0.032967032967033,0.00274725274725275,0.0139717425431711,0.00361067503924647,0.0241758241758242,0.0467032967032967,0.0569073783359498,0.00941915227629513,0.000235478806907378,0.000156985871271586,0.0374411302982732,0.0239403453689168,0.0227629513343799,0.00463108320251177,0.134065934065934,0.0054160125588697,0.00918367346938776,0.00180533751962323,0.00792778649921507
"8-7","Udder",0,0,0,0.00946372239747634,0.0362776025236593,0,0,0.0315457413249211,0.168769716088328,0.162460567823344,0,0.107255520504732,0,0.028391167192429,0.0331230283911672,0.00315457413249211,0,0,0.00630914826498423,0,0,0,0,0.00788643533123028,0.0362776025236593,0,0.0772870662460568,0.0394321766561514,0,0,0,0,0.0394321766561514,0.0110410094637224,0,0.00315457413249211,0,0.0378548895899054,0.0252365930599369,0,0,0.0536277602523659,0,0.00946372239747634,0.00473186119873817,0.0157728706624606
"8-8","Left front pastern",0.00108841259209645,0.00360013395847287,0,0.000837240455458808,0.00192565304755526,0.00110515740120563,0.0065304755525787,0.00485599464166109,0.0303918285331547,0.614417280643001,0.00760214333556597,0.000385130609511052,0.000619557937039518,0.00701607501674481,0.0320495646349632,0.00241125251172137,0.000184192900200938,0,0.0120395177494977,0.000133958472873409,0,0.0162089752176825,0.00671466845277964,5.02344273275285e-05,0.0130944407233758,0,0.0133456128600134,0.014450770261219,0.000167448091091762,0.000368385800401875,0,0.000351640991292699,0.017113194909578,0.00189216342933691,0.00159075686537173,0.0460147354320161,0.000167448091091762,0.00840589417280643,0.0322170127260549,0.00298057602143336,0.0548057602143336,0.0148693904889484,0,0,0.000904219691895512,0.00021768251841929
"9-1","Forehead",0.00308673731865418,0.00497307679116507,0,0.000342970813183798,0.0111465514284734,0.00723668415817814,0.00819700243509277,0.00445862057138937,0.0780944541619508,0.376033199574716,0.00102891243955139,0.128373975374696,0.00541893884830401,0.00583050382412457,0.0205439517097095,0.00102891243955139,0.00123469492746167,0.000205782487910279,0.00171485406591899,0.00171485406591899,0,0.0141303975031725,0.00349830229447474,0.000274376650547038,0.0312103439997256,0.000274376650547038,0.0198580100833419,0.0568645608258737,0.0040813526768872,0.00692801042631272,0.000617347463730836,0.0069623075076311,0.0146791508042666,0.0113866309977021,0.00480159138457317,0.00353259937579312,0.00216071612305793,0.015262201186679,0.0203724663031176,0.00507596803512021,0.0107006893713345,0.0700346400521316,0.00185204239119251,0.000102891243955139,0.000617347463730836,0.00349830229447474
"9-2","Muzzle",0.00130777012855627,0.00231944136008093,0,7.40247242579021e-05,0.00276358970562835,0.0126335529400153,0.00661287536703926,0.00471290744441977,0.0425395415402078,0.542206430281047,0.00345448713203543,0.035581217459965,0.0112270831791152,0.00473758235250574,0.053692599995065,0.00246749080859674,7.40247242579021e-05,0.000123374540429837,0.00994398795864485,0,0,0.0300293631406223,0.00661287536703926,0,0.00853751819774471,0,0.0117205813408345,0.0253658055123745,0,0.000271423988945641,0.000172724356601772,0.00197399264687739,0.0246008833617095,0.00239346608433884,0.00286228933797222,0.0303254620376539,0.00320773805117576,0.00858686801391665,0.0280553704937449,0.000789597058750956,0.0295852147950749,0.0235151874059269,0.000616872702149184,0,0.000690897426407087,0
"9-3","Neck",0.00154475940372287,0.00216266316521202,0,0.0035529466285626,0.00926855642233722,0,0.00973198424345408,0.00324399474781803,0.0609407584768672,0.349038387271183,0.00231713910558431,0.198038155557272,0.0012358075229783,0.00393913647949332,0.0198501583378389,0.00208542519502587,0,0,0.00540665791303005,0,0,0.0118946474086661,0.0035529466285626,0,0.0147524523055534,0,0.0197729203676527,0.0692824592569707,0.0030122808372596,0.00216266316521202,0.00139028346335058,0.00393913647949332,0.0190777786359774,0.00525218197265776,0.00502046806209933,0.0193094925465359,0.00857341469066193,0.0120491233490384,0.0237120568471461,0.00332123271800417,0.0149841662161118,0.0598594268942612,7.72379701861435e-05,0.00139028346335058,0.000849617672047579,0.00239437707577045
"9-4","Pectoral area",0.00167521725473772,0.00251282588210659,0,0.00251282588210659,0.0073814260286881,0.011150664851848,0.00706732279342477,0.003402785048686,0.0461731755837085,0.506700869018951,0.000575855931316093,0.0997277771961051,0.0141869961260601,0.00570620877395037,0.012668830488954,0.00177991833315883,0.000523505392105539,0,0.00146581509789551,0,0.000261752696052769,0.0126164799497435,0.00240812480368548,0,0.023819495340802,0.000418804313684431,0.0212019683802743,0.0587373049942414,0.00230342372526437,0.00361218720552822,0.0006805570097372,0.00429274421526542,0.0152863574494817,0.00743377656789865,0.00371688828394932,0.00471154852894985,0.00120406240184274,0.00921369490105748,0.0314103235263323,0.00303633127421212,0.013611140194744,0.0313056224479112,0.00130876348026385,0,0.000261752696052769,0.00261752696052769
"9-5","Dorsum",0,0.000153636381095043,0,0,0.000403295500374489,0,0,0.000211250024005685,0.00449386414703002,0.0145954562040291,0,0.914117262967871,0.000902613738933379,0.000172840928731924,0.00149795471567667,0,0,0,0,0,0,0.00046090914328513,7.68181905475217e-05,0,0.00109465921530218,0,0.00153636381095043,0.0520827331912197,0,0.000288068214553206,0,0.000537727333832652,0,9.60227381844021e-05,0.000537727333832652,0,0,0.000441704595648249,0.000825795548385858,7.68181905475217e-05,0,0.00140193197749227,0,0,0,0
"9-6","Ventral abdomen",0.00201670080352923,0.00334016070584528,0,0.0158500078777375,0.0116905624704585,0.000504175200882307,0.0126043800220577,0.00447455490783047,0.0361745706633055,0.514384748700173,0.00343469355601071,0.00831889081455806,0,0.0107452339688042,0.0165117378288955,0.00192216795336379,0,0,0.00425397825744446,0.000315109500551442,0,0.00582952576020167,0.00189065700330865,0.000441153300772018,0.0250196943437845,0.000504175200882307,0.0290846069008981,0.0285174097999055,0.00280447455490783,0.00573499291003624,0.00248936505435639,0.0097053726169844,0.0283283440995746,0.00759413896328974,0.00195367890341894,0.00680636521191114,0.000189065700330865,0.0190956357334174,0.0366157239640775,0.00233181030408067,0.0440523081770915,0.0536001260438002,0.000976839451709469,0.000630219001102883,0.00110288325193005,0.0027099417047424
"9-7","Udder",0.00683890577507599,0.0105433130699088,0,0.0134878419452888,0.00807370820668693,0,0.00617401215805471,0.00854863221884498,0.0606952887537994,0.506553951367781,0.00180471124620061,0.0203267477203647,0,0.0025645896656535,0.00674392097264438,0.0043693009118541,0.00588905775075988,0,0.00664893617021277,0.000949848024316109,0,0.0060790273556231,0.00332446808510638,0.00113981762917933,0.0473974164133739,0,0.0223214285714286,0.038088905775076,0,0.00237462006079027,0,0.000759878419452888,0.0204217325227964,0.0267857142857143,0.00237462006079027,0.00636398176291793,0,0.0103533434650456,0.0359042553191489,0.00560410334346505,0.0140577507598784,0.0389437689969605,0,0.00579407294832827,0.00113981762917933,0.000854863221884498
"9-8","Left front pastern",0.00209595319805606,0.0035009328143354,0,0.00218808300895962,0.0029942188543658,0.0042379713015639,0.0167445931317226,0.00601147016145749,0.0381878066195269,0.486675726098072,0.00889052675219384,0.000207292074533017,0.00278692677983278,0.0154778082317986,0.0304489025036276,0.00391551696340143,0.000414584149066034,0,0.0140037312573416,0,0,0.0218117327314186,0.00971969505032591,0,0.0147868346500219,0,0.0189557085934081,0.028468111569201,0.000414584149066034,4.60649054517816e-05,0,0.000921298109035631,0.0272704240274547,0.00211898565078195,0.00241840753621853,0.050187714489716,0,0.0152705161572656,0.0500264873206348,0.00209595319805606,0.0545869129603611,0.0328442775871203,0,6.90973581776723e-05,0.00105949282539098,0
